,Occupancy Type,Zones,Value,Unit
0,Working Hours,Zone 3,24.4050000375,Operative Temp. [deg. C]
1,Working Hours,Zone 3,24.4589999813,Operative Temp. [deg. C]
2,Working Hours,Zone 3,24.407361125,Operative Temp. [deg. C]
3,Working Hours,Zone 3,24.3401250313,Operative Temp. [deg. C]
4,Working Hours,Zone 3,24.2451389583,Operative Temp. [deg. C]
5,Working Hours,Zone 3,24.159749775,Operative Temp. [deg. C]
6,Working Hours,Zone 3,24.1194997563,Operative Temp. [deg. C]
7,Working Hours,Zone 3,24.1626388334,Operative Temp. [deg. C]
8,Working Hours,Zone 3,24.11624995,Operative Temp. [deg. C]
9,Working Hours,Zone 3,24.1243054097,Operative Temp. [deg. C]
10,Working Hours,Zone 3,24.084749775,Operative Temp. [deg. C]
11,Working Hours,Zone 3,24.0996250188,Operative Temp. [deg. C]
12,Working Hours,Zone 3,24.0713889236,Operative Temp. [deg. C]
13,Working Hours,Zone 3,24.073874825,Operative Temp. [deg. C]
14,Working Hours,Zone 3,24.1556942778,Operative Temp. [deg. C]
15,Working Hours,Zone 3,24.2713750375,Operative Temp. [deg. C]
16,Working Hours,Zone 3,24.1993749687,Operative Temp. [deg. C]
17,Working Hours,Zone 3,24.1015275139,Operative Temp. [deg. C]
18,Working Hours,Zone 3,24.0588747313,Operative Temp. [deg. C]
19,Working Hours,Zone 3,24.0029166875,Operative Temp. [deg. C]
20,Working Hours,Zone 3,24.01837485,Operative Temp. [deg. C]
21,Working Hours,Zone 3,23.962500075,Operative Temp. [deg. C]
22,Working Hours,Zone 3,23.9963889236,Operative Temp. [deg. C]
23,Working Hours,Zone 3,24.0913750688,Operative Temp. [deg. C]
24,Working Hours,Zone 3,24.086249868,Operative Temp. [deg. C]
25,Working Hours,Zone 3,24.1587500375,Operative Temp. [deg. C]
26,Working Hours,Zone 3,24.1209999063,Operative Temp. [deg. C]
27,Working Hours,Zone 3,24.1033334305,Operative Temp. [deg. C]
28,Working Hours,Zone 3,24.0727498875,Operative Temp. [deg. C]
29,Working Hours,Zone 3,24.122499875,Operative Temp. [deg. C]
30,Working Hours,Zone 3,24.2077501625,Operative Temp. [deg. C]
31,Working Hours,Zone 3,24.176750075,Operative Temp. [deg. C]
32,Working Hours,Zone 3,24.1219444236,Operative Temp. [deg. C]
33,Working Hours,Zone 3,24.1637498438,Operative Temp. [deg. C]
34,Working Hours,Zone 3,24.2341251813,Operative Temp. [deg. C]
35,Working Hours,Zone 3,24.1565278125,Operative Temp. [deg. C]
36,Working Hours,Zone 3,24.1393750313,Operative Temp. [deg. C]
37,Working Hours,Zone 3,24.1887499931,Operative Temp. [deg. C]
38,Working Hours,Zone 3,24.188,Operative Temp. [deg. C]
39,Working Hours,Zone 3,24.1751249625,Operative Temp. [deg. C]
40,Working Hours,Zone 3,24.1688888889,Operative Temp. [deg. C]
41,Working Hours,Zone 3,24.218000075,Operative Temp. [deg. C]
42,Working Hours,Zone 3,24.1976388403,Operative Temp. [deg. C]
43,Working Hours,Zone 3,24.1342499375,Operative Temp. [deg. C]
44,Working Hours,Zone 3,24.1025001563,Operative Temp. [deg. C]
45,Working Hours,Zone 3,24.0884722014,Operative Temp. [deg. C]
46,Working Hours,Zone 3,24.0481249063,Operative Temp. [deg. C]
47,Working Hours,Zone 3,23.9141668958,Operative Temp. [deg. C]
48,Working Hours,Zone 3,23.9228748187,Operative Temp. [deg. C]
49,Working Hours,Zone 3,24.910277743,Operative Temp. [deg. C]
50,Working Hours,Zone 3,24.8398750812,Operative Temp. [deg. C]
51,Working Hours,Zone 3,24.7147221945,Operative Temp. [deg. C]
52,Working Hours,Zone 3,24.67537495,Operative Temp. [deg. C]
53,Working Hours,Zone 3,24.5839997625,Operative Temp. [deg. C]
54,Working Hours,Zone 3,24.4949997778,Operative Temp. [deg. C]
55,Working Hours,Zone 3,24.7547498125,Operative Temp. [deg. C]
56,Working Hours,Zone 3,24.9815278542,Operative Temp. [deg. C]
57,Working Hours,Zone 3,25.1353750812,Operative Temp. [deg. C]
58,Working Hours,Zone 3,25.2370834722,Operative Temp. [deg. C]
59,Working Hours,Zone 3,25.43824985,Operative Temp. [deg. C]
60,Working Hours,Zone 3,25.296249868,Operative Temp. [deg. C]
61,Working Hours,Zone 3,25.2838749375,Operative Temp. [deg. C]
62,Working Hours,Zone 3,25.1672498188,Operative Temp. [deg. C]
63,Working Hours,Zone 3,25.1904166181,Operative Temp. [deg. C]
64,Working Hours,Zone 3,25.0463887222,Operative Temp. [deg. C]
65,Working Hours,Zone 3,24.9678748688,Operative Temp. [deg. C]
66,Working Hours,Zone 3,24.8240277014,Operative Temp. [deg. C]
67,Working Hours,Zone 3,24.8061252,Operative Temp. [deg. C]
68,Working Hours,Zone 3,24.7333748938,Operative Temp. [deg. C]
69,Working Hours,Zone 3,24.7479166458,Operative Temp. [deg. C]
70,Working Hours,Zone 3,24.7668056528,Operative Temp. [deg. C]
71,Working Hours,Zone 3,24.6643749687,Operative Temp. [deg. C]
72,Working Hours,Zone 3,24.7105555625,Operative Temp. [deg. C]
73,Working Hours,Zone 3,24.5972499875,Operative Temp. [deg. C]
74,Working Hours,Zone 3,24.5136112083,Operative Temp. [deg. C]
75,Working Hours,Zone 3,24.5252498812,Operative Temp. [deg. C]
76,Working Hours,Zone 3,24.5339999687,Operative Temp. [deg. C]
77,Working Hours,Zone 3,24.5029167083,Operative Temp. [deg. C]
78,Working Hours,Zone 3,24.4283332848,Operative Temp. [deg. C]
79,Working Hours,Zone 3,24.4422499375,Operative Temp. [deg. C]
80,Working Hours,Zone 3,24.4033751875,Operative Temp. [deg. C]
81,Working Hours,Zone 3,24.6604165417,Operative Temp. [deg. C]
82,Working Hours,Zone 3,24.733055625,Operative Temp. [deg. C]
83,Working Hours,Zone 3,24.6213747938,Operative Temp. [deg. C]
84,Working Hours,Zone 3,24.5399996944,Operative Temp. [deg. C]
85,Working Hours,Zone 3,24.6212499625,Operative Temp. [deg. C]
86,Working Hours,Zone 3,24.6571250062,Operative Temp. [deg. C]
87,Working Hours,Zone 3,24.6820834306,Operative Temp. [deg. C]
88,Working Hours,Zone 3,24.6581946181,Operative Temp. [deg. C]
89,Working Hours,Zone 3,24.5237500465,Operative Temp. [deg. C]
90,Working Hours,Zone 3,24.5334997437,Operative Temp. [deg. C]
91,Working Hours,Zone 3,24.5222221597,Operative Temp. [deg. C]
92,Working Hours,Zone 3,24.4498747438,Operative Temp. [deg. C]
93,Working Hours,Zone 3,24.4297222083,Operative Temp. [deg. C]
94,Working Hours,Zone 3,24.4909998625,Operative Temp. [deg. C]
95,Working Hours,Zone 3,24.3680553819,Operative Temp. [deg. C]
96,Working Hours,Zone 3,24.2893746375,Operative Temp. [deg. C]
97,Working Hours,Zone 3,24.1722500125,Operative Temp. [deg. C]
98,Working Hours,Zone 3,24.7062498125,Operative Temp. [deg. C]
99,Working Hours,Zone 3,24.7180552986,Operative Temp. [deg. C]
100,Working Hours,Zone 3,24.6688747437,Operative Temp. [deg. C]
101,Working Hours,Zone 3,24.7189997188,Operative Temp. [deg. C]
102,Working Hours,Zone 3,24.6722218681,Operative Temp. [deg. C]
103,Working Hours,Zone 3,24.784000025,Operative Temp. [deg. C]
104,Working Hours,Zone 3,24.9516666528,Operative Temp. [deg. C]
105,Working Hours,Zone 3,25.0045000313,Operative Temp. [deg. C]
106,Working Hours,Zone 3,25.0858337222,Operative Temp. [deg. C]
107,Working Hours,Zone 3,24.9543750563,Operative Temp. [deg. C]
108,Working Hours,Zone 3,24.9888750938,Operative Temp. [deg. C]
109,Working Hours,Zone 3,24.9437502569,Operative Temp. [deg. C]
110,Working Hours,Zone 3,24.8769446111,Operative Temp. [deg. C]
111,Working Hours,Zone 3,24.8228751187,Operative Temp. [deg. C]
112,Working Hours,Zone 3,24.7358749563,Operative Temp. [deg. C]
113,Working Hours,Zone 3,24.7425000417,Operative Temp. [deg. C]
114,Working Hours,Zone 3,24.6647499625,Operative Temp. [deg. C]
115,Working Hours,Zone 3,24.6330555694,Operative Temp. [deg. C]
116,Working Hours,Zone 3,24.5213750313,Operative Temp. [deg. C]
117,Working Hours,Zone 3,24.5168056458,Operative Temp. [deg. C]
118,Working Hours,Zone 3,24.5050000625,Operative Temp. [deg. C]
119,Working Hours,Zone 3,24.5434583896,Operative Temp. [deg. C]
120,Working Hours,Zone 3,24.5929581903,Operative Temp. [deg. C]
121,Working Hours,Zone 3,24.60987505,Operative Temp. [deg. C]
122,Working Hours,Zone 3,24.6365277708,Operative Temp. [deg. C]
123,Working Hours,Zone 3,24.5807500938,Operative Temp. [deg. C]
124,Working Hours,Zone 3,24.4968055,Operative Temp. [deg. C]
125,Working Hours,Zone 3,24.4016250125,Operative Temp. [deg. C]
126,Working Hours,Zone 3,24.3790001563,Operative Temp. [deg. C]
127,Working Hours,Zone 3,24.2798611875,Operative Temp. [deg. C]
128,Working Hours,Zone 3,24.4016667431,Operative Temp. [deg. C]
129,Working Hours,Zone 3,24.3710002125,Operative Temp. [deg. C]
130,Working Hours,Zone 3,24.3180001062,Operative Temp. [deg. C]
131,Working Hours,Zone 3,24.4374998333,Operative Temp. [deg. C]
132,Working Hours,Zone 3,24.5856250313,Operative Temp. [deg. C]
133,Working Hours,Zone 3,24.6605559305,Operative Temp. [deg. C]
134,Working Hours,Zone 3,24.6773751375,Operative Temp. [deg. C]
135,Working Hours,Zone 3,24.669625225,Operative Temp. [deg. C]
136,Working Hours,Zone 3,24.6719445764,Operative Temp. [deg. C]
137,Working Hours,Zone 3,24.7253746812,Operative Temp. [deg. C]
138,Working Hours,Zone 3,24.8059443451,Operative Temp. [deg. C]
139,Working Hours,Zone 3,24.8164719382,Operative Temp. [deg. C]
140,Working Hours,Zone 3,24.8323748687,Operative Temp. [deg. C]
141,Working Hours,Zone 3,24.8468055208,Operative Temp. [deg. C]
142,Working Hours,Zone 3,24.8172499687,Operative Temp. [deg. C]
143,Working Hours,Zone 3,24.7055000938,Operative Temp. [deg. C]
144,Working Hours,Zone 3,24.8408334167,Operative Temp. [deg. C]
145,Working Hours,Zone 3,24.8322499375,Operative Temp. [deg. C]
146,Working Hours,Zone 3,24.741111007,Operative Temp. [deg. C]
147,Working Hours,Zone 3,25.4476389028,Operative Temp. [deg. C]
148,Working Hours,Zone 3,25.4824999875,Operative Temp. [deg. C]
149,Working Hours,Zone 3,25.6111250438,Operative Temp. [deg. C]
150,Working Hours,Zone 3,25.5650002153,Operative Temp. [deg. C]
151,Working Hours,Zone 3,25.6173753812,Operative Temp. [deg. C]
152,Working Hours,Zone 3,25.6058335417,Operative Temp. [deg. C]
153,Working Hours,Zone 3,25.659999975,Operative Temp. [deg. C]
154,Working Hours,Zone 3,25.7427778472,Operative Temp. [deg. C]
155,Working Hours,Zone 3,25.7073609722,Operative Temp. [deg. C]
156,Working Hours,Zone 3,25.7408332223,Operative Temp. [deg. C]
157,Working Hours,Zone 3,25.7715276181,Operative Temp. [deg. C]
158,Working Hours,Zone 3,25.671625025,Operative Temp. [deg. C]
159,Working Hours,Zone 3,25.8202499563,Operative Temp. [deg. C]
160,Working Hours,Zone 3,25.8961111806,Operative Temp. [deg. C]
161,Working Hours,Zone 3,25.8758749937,Operative Temp. [deg. C]
162,Working Hours,Zone 3,25.8690277986,Operative Temp. [deg. C]
163,Working Hours,Zone 3,25.89650005,Operative Temp. [deg. C]
164,Working Hours,Zone 3,25.81474995,Operative Temp. [deg. C]
165,Working Hours,Zone 3,25.8208331736,Operative Temp. [deg. C]
166,Working Hours,Zone 3,25.8368749562,Operative Temp. [deg. C]
167,Working Hours,Zone 3,25.8686111458,Operative Temp. [deg. C]
168,Working Hours,Zone 3,25.745250025,Operative Temp. [deg. C]
169,Working Hours,Zone 3,25.6877774931,Operative Temp. [deg. C]
170,Working Hours,Zone 3,25.6051389583,Operative Temp. [deg. C]
171,Working Hours,Zone 3,25.7277499688,Operative Temp. [deg. C]
172,Working Hours,Zone 3,25.7151387639,Operative Temp. [deg. C]
173,Working Hours,Zone 3,25.76187505,Operative Temp. [deg. C]
174,Working Hours,Zone 3,25.7209999937,Operative Temp. [deg. C]
175,Working Hours,Zone 3,25.7576387778,Operative Temp. [deg. C]
176,Working Hours,Zone 3,25.7368749688,Operative Temp. [deg. C]
177,Working Hours,Zone 3,25.6934720556,Operative Temp. [deg. C]
178,Working Hours,Zone 3,25.7493749687,Operative Temp. [deg. C]
179,Working Hours,Zone 3,25.7101248938,Operative Temp. [deg. C]
180,Working Hours,Zone 3,25.7005555069,Operative Temp. [deg. C]
181,Working Hours,Zone 3,25.683624925,Operative Temp. [deg. C]
182,Working Hours,Zone 3,25.7404166806,Operative Temp. [deg. C]
183,Working Hours,Zone 3,25.7548749437,Operative Temp. [deg. C]
184,Working Hours,Zone 3,25.8877499438,Operative Temp. [deg. C]
185,Working Hours,Zone 3,25.8551390694,Operative Temp. [deg. C]
186,Working Hours,Zone 3,25.8250001562,Operative Temp. [deg. C]
187,Working Hours,Zone 3,25.9243748187,Operative Temp. [deg. C]
188,Working Hours,Zone 3,25.8276390625,Operative Temp. [deg. C]
189,Working Hours,Zone 3,25.8260000875,Operative Temp. [deg. C]
190,Working Hours,Zone 3,26.0381944861,Operative Temp. [deg. C]
191,Working Hours,Zone 3,25.9492501188,Operative Temp. [deg. C]
192,Working Hours,Zone 3,25.8063888611,Operative Temp. [deg. C]
193,Working Hours,Zone 3,25.62949995,Operative Temp. [deg. C]
194,Working Hours,Zone 3,25.5500000437,Operative Temp. [deg. C]
195,Working Hours,Zone 3,25.6934721875,Operative Temp. [deg. C]
196,Working Hours,Zone 3,25.6443750812,Operative Temp. [deg. C]
197,Working Hours,Zone 3,25.6530554653,Operative Temp. [deg. C]
198,Working Hours,Zone 3,25.6901249813,Operative Temp. [deg. C]
199,Working Hours,Zone 3,25.5530555903,Operative Temp. [deg. C]
200,Working Hours,Zone 3,25.4534722569,Operative Temp. [deg. C]
201,Working Hours,Zone 3,25.5730003688,Operative Temp. [deg. C]
202,Working Hours,Zone 3,25.5927500625,Operative Temp. [deg. C]
203,Working Hours,Zone 3,25.3676388264,Operative Temp. [deg. C]
204,Working Hours,Zone 3,25.3717500437,Operative Temp. [deg. C]
205,Working Hours,Zone 3,25.3423748,Operative Temp. [deg. C]
206,Working Hours,Zone 3,25.4220834305,Operative Temp. [deg. C]
207,Working Hours,Zone 3,25.4398749313,Operative Temp. [deg. C]
208,Working Hours,Zone 3,25.3858332222,Operative Temp. [deg. C]
209,Working Hours,Zone 3,25.3418750437,Operative Temp. [deg. C]
210,Working Hours,Zone 3,25.2756944306,Operative Temp. [deg. C]
211,Working Hours,Zone 3,25.26912485,Operative Temp. [deg. C]
212,Working Hours,Zone 3,25.2647221667,Operative Temp. [deg. C]
213,Working Hours,Zone 3,25.20550005,Operative Temp. [deg. C]
214,Working Hours,Zone 3,25.141875275,Operative Temp. [deg. C]
215,Working Hours,Zone 3,25.1397222292,Operative Temp. [deg. C]
216,Working Hours,Zone 3,25.1296248938,Operative Temp. [deg. C]
217,Working Hours,Zone 3,25.0472225417,Operative Temp. [deg. C]
218,Working Hours,Zone 3,24.9403751,Operative Temp. [deg. C]
219,Working Hours,Zone 3,24.938888993,Operative Temp. [deg. C]
220,Working Hours,Zone 3,24.8552498125,Operative Temp. [deg. C]
221,Working Hours,Zone 3,24.8853749687,Operative Temp. [deg. C]
222,Working Hours,Zone 3,24.8929166667,Operative Temp. [deg. C]
223,Working Hours,Zone 3,24.8853333174,Operative Temp. [deg. C]
224,Working Hours,Zone 3,24.8717499312,Operative Temp. [deg. C]
225,Working Hours,Zone 3,24.9740001875,Operative Temp. [deg. C]
226,Working Hours,Zone 3,24.9990279722,Operative Temp. [deg. C]
227,Working Hours,Zone 3,25.0561251125,Operative Temp. [deg. C]
228,Working Hours,Zone 3,25.0568056736,Operative Temp. [deg. C]
229,Working Hours,Zone 3,25.0157501875,Operative Temp. [deg. C]
230,Working Hours,Zone 3,25.1391247813,Operative Temp. [deg. C]
231,Working Hours,Zone 3,25.2021872969,Operative Temp. [deg. C]
232,Working Hours,Zone 3,25.25487505,Operative Temp. [deg. C]
233,Working Hours,Zone 3,25.250139,Operative Temp. [deg. C]
234,Working Hours,Zone 3,25.2330000313,Operative Temp. [deg. C]
235,Working Hours,Zone 3,25.0541666111,Operative Temp. [deg. C]
236,Working Hours,Zone 3,24.9761251938,Operative Temp. [deg. C]
237,Working Hours,Zone 3,24.892875125,Operative Temp. [deg. C]
238,Working Hours,Zone 3,24.9366668889,Operative Temp. [deg. C]
239,Working Hours,Zone 3,24.8277500687,Operative Temp. [deg. C]
240,Working Hours,Zone 3,24.957083375,Operative Temp. [deg. C]
241,Working Hours,Zone 3,24.886250175,Operative Temp. [deg. C]
242,Working Hours,Zone 3,24.7362499688,Operative Temp. [deg. C]
243,Working Hours,Zone 3,24.6663888819,Operative Temp. [deg. C]
244,Working Hours,Zone 3,24.8505001062,Operative Temp. [deg. C]
245,Working Hours,Zone 3,25.4747222639,Operative Temp. [deg. C]
246,Working Hours,Zone 3,25.376625075,Operative Temp. [deg. C]
247,Working Hours,Zone 3,25.2743055903,Operative Temp. [deg. C]
248,Working Hours,Zone 3,25.26125,Operative Temp. [deg. C]
249,Working Hours,Zone 3,25.1427499438,Operative Temp. [deg. C]
250,Working Hours,Zone 3,25.0037501125,Operative Temp. [deg. C]
251,Working Hours,Zone 3,25.0095833958,Operative Temp. [deg. C]
252,Working Hours,Zone 3,25.0807501625,Operative Temp. [deg. C]
253,Working Hours,Zone 3,25.1234722569,Operative Temp. [deg. C]
254,Working Hours,Zone 3,25.1526250687,Operative Temp. [deg. C]
255,Working Hours,Zone 3,25.3193057292,Operative Temp. [deg. C]
256,Working Hours,Zone 3,25.3219998687,Operative Temp. [deg. C]
257,Working Hours,Zone 3,25.398000075,Operative Temp. [deg. C]
258,Working Hours,Zone 3,25.3588887083,Operative Temp. [deg. C]
259,Working Hours,Zone 3,25.4403751313,Operative Temp. [deg. C]
260,Working Hours,Zone 3,25.3922222917,Operative Temp. [deg. C]
261,Working Hours,Zone 3,25.3726248187,Operative Temp. [deg. C]
262,Working Hours,Zone 3,25.363499925,Operative Temp. [deg. C]
263,Working Hours,Zone 3,25.2073609653,Operative Temp. [deg. C]
264,Working Hours,Zone 3,25.2091251438,Operative Temp. [deg. C]
265,Working Hours,Zone 3,25.1444445347,Operative Temp. [deg. C]
266,Working Hours,Zone 3,25.0732500438,Operative Temp. [deg. C]
267,Working Hours,Zone 3,25.03712515,Operative Temp. [deg. C]
268,Working Hours,Zone 3,25.0449999097,Operative Temp. [deg. C]
269,Working Hours,Zone 3,25.1044998625,Operative Temp. [deg. C]
270,Working Hours,Zone 3,25.1737499791,Operative Temp. [deg. C]
271,Working Hours,Zone 3,,Operative Temp. [deg. C]
272,Working Hours,Zone 3,,Operative Temp. [deg. C]
273,Working Hours,Zone 3,,Operative Temp. [deg. C]
274,Working Hours,Zone 3,,Operative Temp. [deg. C]
275,Working Hours,Zone 3,,Operative Temp. [deg. C]
276,Working Hours,Zone 3,,Operative Temp. [deg. C]
277,Working Hours,Zone 3,,Operative Temp. [deg. C]
278,Working Hours,Zone 3,,Operative Temp. [deg. C]
279,Working Hours,Zone 3,,Operative Temp. [deg. C]
280,Working Hours,Zone 3,,Operative Temp. [deg. C]
281,Working Hours,Zone 3,,Operative Temp. [deg. C]
282,Working Hours,Zone 3,,Operative Temp. [deg. C]
283,Working Hours,Zone 3,,Operative Temp. [deg. C]
284,Working Hours,Zone 3,,Operative Temp. [deg. C]
285,Working Hours,Zone 3,24.7021875156,Operative Temp. [deg. C]
286,Working Hours,Zone 3,24.5760415416,Operative Temp. [deg. C]
287,Working Hours,Zone 3,,Operative Temp. [deg. C]
288,Working Hours,Zone 3,,Operative Temp. [deg. C]
289,Working Hours,Zone 3,,Operative Temp. [deg. C]
290,Working Hours,Zone 3,,Operative Temp. [deg. C]
291,Working Hours,Zone 3,,Operative Temp. [deg. C]
292,Working Hours,Zone 3,24.4174995,Operative Temp. [deg. C]
293,Working Hours,Zone 3,24.8937501875,Operative Temp. [deg. C]
294,Non-working Hours,Zone 3,25.3941666875,Operative Temp. [deg. C]
295,Non-working Hours,Zone 3,25.4373752063,Operative Temp. [deg. C]
296,Non-working Hours,Zone 3,25.4390281181,Operative Temp. [deg. C]
297,Non-working Hours,Zone 3,25.4440001625,Operative Temp. [deg. C]
298,Non-working Hours,Zone 3,25.4892502937,Operative Temp. [deg. C]
299,Non-working Hours,Zone 3,25.5340274653,Operative Temp. [deg. C]
300,Non-working Hours,Zone 3,25.566499775,Operative Temp. [deg. C]
301,Non-working Hours,Zone 3,25.5591245812,Operative Temp. [deg. C]
302,Non-working Hours,Zone 3,25.5708330069,Operative Temp. [deg. C]
303,Non-working Hours,Zone 3,25.5522494562,Operative Temp. [deg. C]
304,Non-working Hours,Zone 3,25.5936108819,Operative Temp. [deg. C]
305,Non-working Hours,Zone 3,25.6143749125,Operative Temp. [deg. C]
306,Non-working Hours,Zone 3,25.6478749063,Operative Temp. [deg. C]
307,Non-working Hours,Zone 3,25.6844444167,Operative Temp. [deg. C]
308,Non-working Hours,Zone 3,25.7363750063,Operative Temp. [deg. C]
309,Non-working Hours,Zone 3,25.7930554861,Operative Temp. [deg. C]
310,Non-working Hours,Zone 3,25.7057499875,Operative Temp. [deg. C]
311,Non-working Hours,Zone 3,25.7663750125,Operative Temp. [deg. C]
312,Non-working Hours,Zone 3,25.8393053819,Operative Temp. [deg. C]
313,Non-working Hours,Zone 3,25.8532496438,Operative Temp. [deg. C]
314,Non-working Hours,Zone 3,25.8163888889,Operative Temp. [deg. C]
315,Non-working Hours,Zone 3,25.8864995937,Operative Temp. [deg. C]
316,Non-working Hours,Zone 3,25.8907496312,Operative Temp. [deg. C]
317,Non-working Hours,Zone 3,25.9337499097,Operative Temp. [deg. C]
318,Non-working Hours,Zone 3,25.9046248875,Operative Temp. [deg. C]
319,Non-working Hours,Zone 3,25.916388625,Operative Temp. [deg. C]
320,Non-working Hours,Zone 3,25.948125,Operative Temp. [deg. C]
321,Non-working Hours,Zone 3,26.0167499625,Operative Temp. [deg. C]
322,Non-working Hours,Zone 3,25.9912498611,Operative Temp. [deg. C]
323,Non-working Hours,Zone 3,25.9414997438,Operative Temp. [deg. C]
324,Non-working Hours,Zone 3,25.9332496,Operative Temp. [deg. C]
325,Non-working Hours,Zone 3,26.0247222014,Operative Temp. [deg. C]
326,Non-working Hours,Zone 3,26.094875025,Operative Temp. [deg. C]
327,Non-working Hours,Zone 3,26.0484723125,Operative Temp. [deg. C]
328,Non-working Hours,Zone 3,25.9972498813,Operative Temp. [deg. C]
329,Non-working Hours,Zone 3,25.9756943195,Operative Temp. [deg. C]
330,Non-working Hours,Zone 3,25.961624625,Operative Temp. [deg. C]
331,Non-working Hours,Zone 3,24.6027497375,Operative Temp. [deg. C]
332,Non-working Hours,Zone 3,24.6438887014,Operative Temp. [deg. C]
333,Non-working Hours,Zone 3,24.7239999,Operative Temp. [deg. C]
334,Non-working Hours,Zone 3,24.881375125,Operative Temp. [deg. C]
335,Non-working Hours,Zone 3,24.9841667084,Operative Temp. [deg. C]
336,Non-working Hours,Zone 3,25.043624825,Operative Temp. [deg. C]
337,Non-working Hours,Zone 3,24.9288889861,Operative Temp. [deg. C]
338,Non-working Hours,Zone 3,24.94874995,Operative Temp. [deg. C]
339,Non-working Hours,Zone 3,24.9671250875,Operative Temp. [deg. C]
340,Non-working Hours,Zone 3,25.0720832708,Operative Temp. [deg. C]
341,Non-working Hours,Zone 3,25.1204995813,Operative Temp. [deg. C]
342,Non-working Hours,Zone 3,25.2213750563,Operative Temp. [deg. C]
343,Non-working Hours,Zone 3,25.2036111667,Operative Temp. [deg. C]
344,Non-working Hours,Zone 3,25.4308335417,Operative Temp. [deg. C]
345,Non-working Hours,Zone 3,25.4779995812,Operative Temp. [deg. C]
346,Non-working Hours,Zone 3,25.5054997375,Operative Temp. [deg. C]
347,Non-working Hours,Zone 3,25.5216663819,Operative Temp. [deg. C]
348,Non-working Hours,Zone 3,25.5633749938,Operative Temp. [deg. C]
349,Non-working Hours,Zone 3,25.584583375,Operative Temp. [deg. C]
350,Non-working Hours,Zone 3,25.5858750125,Operative Temp. [deg. C]
351,Non-working Hours,Zone 3,25.6616250625,Operative Temp. [deg. C]
352,Non-working Hours,Zone 3,25.669722257,Operative Temp. [deg. C]
353,Non-working Hours,Zone 3,25.6771250375,Operative Temp. [deg. C]
354,Non-working Hours,Zone 3,25.7576251375,Operative Temp. [deg. C]
355,Non-working Hours,Zone 3,25.8255553611,Operative Temp. [deg. C]
356,Non-working Hours,Zone 3,25.8863749312,Operative Temp. [deg. C]
357,Non-working Hours,Zone 3,25.8473607847,Operative Temp. [deg. C]
358,Non-working Hours,Zone 3,25.8909998125,Operative Temp. [deg. C]
359,Non-working Hours,Zone 3,25.9657142589,Operative Temp. [deg. C]
360,Non-working Hours,Zone 3,25.9344443472,Operative Temp. [deg. C]
361,Non-working Hours,Zone 3,25.9122498313,Operative Temp. [deg. C]
362,Non-working Hours,Zone 3,25.8884717847,Operative Temp. [deg. C]
363,Non-working Hours,Zone 3,25.9281248562,Operative Temp. [deg. C]
364,Non-working Hours,Zone 3,25.9657499375,Operative Temp. [deg. C]
365,Non-working Hours,Zone 3,25.9390276111,Operative Temp. [deg. C]
366,Non-working Hours,Zone 3,25.9593749687,Operative Temp. [deg. C]
367,Non-working Hours,Zone 3,25.9935416146,Operative Temp. [deg. C]
368,Non-working Hours,Zone 3,26.0900003281,Operative Temp. [deg. C]
369,Non-working Hours,Zone 3,26.0872502625,Operative Temp. [deg. C]
370,Non-working Hours,Zone 3,26.0989289911,Operative Temp. [deg. C]
371,Non-working Hours,Zone 3,26.0621250813,Operative Temp. [deg. C]
372,Non-working Hours,Zone 3,26.0823611111,Operative Temp. [deg. C]
373,Non-working Hours,Zone 3,26.074750075,Operative Temp. [deg. C]
374,Non-working Hours,Zone 3,26.0124998437,Operative Temp. [deg. C]
375,Non-working Hours,Zone 3,26.0915279236,Operative Temp. [deg. C]
376,Non-working Hours,Zone 3,26.1570836458,Operative Temp. [deg. C]
377,Non-working Hours,Zone 3,26.1760000687,Operative Temp. [deg. C]
378,Non-working Hours,Zone 3,26.177625075,Operative Temp. [deg. C]
379,Non-working Hours,Zone 3,26.2001390833,Operative Temp. [deg. C]
380,Non-working Hours,Zone 3,26.2153751375,Operative Temp. [deg. C]
381,Non-working Hours,Zone 3,24.808000175,Operative Temp. [deg. C]
382,Non-working Hours,Zone 3,24.8748615347,Operative Temp. [deg. C]
383,Non-working Hours,Zone 3,24.9260002875,Operative Temp. [deg. C]
384,Non-working Hours,Zone 3,24.9736109097,Operative Temp. [deg. C]
385,Non-working Hours,Zone 3,25.0305552083,Operative Temp. [deg. C]
386,Non-working Hours,Zone 3,25.0851386458,Operative Temp. [deg. C]
387,Non-working Hours,Zone 3,25.1265970278,Operative Temp. [deg. C]
388,Non-working Hours,Zone 3,25.1683333194,Operative Temp. [deg. C]
389,Non-working Hours,Zone 3,25.2086250375,Operative Temp. [deg. C]
390,Non-working Hours,Zone 3,25.2350000347,Operative Temp. [deg. C]
391,Non-working Hours,Zone 3,25.2632500313,Operative Temp. [deg. C]
392,Non-working Hours,Zone 3,25.3111111736,Operative Temp. [deg. C]
393,Non-working Hours,Zone 3,25.3834999875,Operative Temp. [deg. C]
394,Non-working Hours,Zone 3,25.7353753125,Operative Temp. [deg. C]
395,Non-working Hours,Zone 3,25.7211111111,Operative Temp. [deg. C]
396,Non-working Hours,Zone 3,25.69875,Operative Temp. [deg. C]
397,Non-working Hours,Zone 3,25.7196251375,Operative Temp. [deg. C]
398,Non-working Hours,Zone 3,25.7231944445,Operative Temp. [deg. C]
399,Non-working Hours,Zone 3,25.7576251563,Operative Temp. [deg. C]
400,Non-working Hours,Zone 3,25.7644444097,Operative Temp. [deg. C]
401,Non-working Hours,Zone 3,25.781389,Operative Temp. [deg. C]
402,Non-working Hours,Zone 3,25.7734722952,Operative Temp. [deg. C]
403,Non-working Hours,Zone 3,25.7805902014,Operative Temp. [deg. C]
404,Non-working Hours,Zone 3,25.8002777361,Operative Temp. [deg. C]
405,Non-working Hours,Zone 3,25.8461113472,Operative Temp. [deg. C]
406,Non-working Hours,Zone 3,25.8680003062,Operative Temp. [deg. C]
407,Non-working Hours,Zone 3,25.9492499125,Operative Temp. [deg. C]
408,Non-working Hours,Zone 3,25.9387496736,Operative Temp. [deg. C]
409,Non-working Hours,Zone 3,25.9314996625,Operative Temp. [deg. C]
410,Non-working Hours,Zone 3,25.9908332083,Operative Temp. [deg. C]
411,Non-working Hours,Zone 3,25.9711109375,Operative Temp. [deg. C]
412,Non-working Hours,Zone 3,25.9741664791,Operative Temp. [deg. C]
413,Non-working Hours,Zone 3,26.0446249312,Operative Temp. [deg. C]
414,Non-working Hours,Zone 3,26.0711249813,Operative Temp. [deg. C]
415,Non-working Hours,Zone 3,26.100277882,Operative Temp. [deg. C]
416,Non-working Hours,Zone 3,26.0582499937,Operative Temp. [deg. C]
417,Non-working Hours,Zone 3,26.0469442986,Operative Temp. [deg. C]
418,Non-working Hours,Zone 3,26.0618749188,Operative Temp. [deg. C]
419,Non-working Hours,Zone 3,26.0612500187,Operative Temp. [deg. C]
420,Non-working Hours,Zone 3,26.097638882,Operative Temp. [deg. C]
421,Non-working Hours,Zone 3,26.1260001812,Operative Temp. [deg. C]
422,Non-working Hours,Zone 3,26.128333375,Operative Temp. [deg. C]
423,Non-working Hours,Zone 3,26.1178749125,Operative Temp. [deg. C]
424,Non-working Hours,Zone 3,26.1144444305,Operative Temp. [deg. C]
425,Non-working Hours,Zone 3,26.0938749312,Operative Temp. [deg. C]
426,Non-working Hours,Zone 3,26.0802777708,Operative Temp. [deg. C]
427,Non-working Hours,Zone 3,26.07524995,Operative Temp. [deg. C]
428,Non-working Hours,Zone 3,26.1256943889,Operative Temp. [deg. C]
429,Non-working Hours,Zone 3,26.1417499875,Operative Temp. [deg. C]
430,Non-working Hours,Zone 3,26.1399999166,Operative Temp. [deg. C]
431,Non-working Hours,Zone 3,25.3872221945,Operative Temp. [deg. C]
432,Non-working Hours,Zone 3,25.4158749375,Operative Temp. [deg. C]
433,Non-working Hours,Zone 3,25.5052504188,Operative Temp. [deg. C]
434,Non-working Hours,Zone 3,25.5358336806,Operative Temp. [deg. C]
435,Non-working Hours,Zone 3,25.5762498313,Operative Temp. [deg. C]
436,Non-working Hours,Zone 3,25.6224996437,Operative Temp. [deg. C]
437,Non-working Hours,Zone 3,25.6751388611,Operative Temp. [deg. C]
438,Non-working Hours,Zone 3,25.6995832917,Operative Temp. [deg. C]
439,Non-working Hours,Zone 3,25.7403749812,Operative Temp. [deg. C]
440,Non-working Hours,Zone 3,25.7544999937,Operative Temp. [deg. C]
441,Non-working Hours,Zone 3,25.7697221875,Operative Temp. [deg. C]
442,Non-working Hours,Zone 3,25.793750025,Operative Temp. [deg. C]
443,Non-working Hours,Zone 3,25.7968055139,Operative Temp. [deg. C]
444,Non-working Hours,Zone 3,28.2049999931,Operative Temp. [deg. C]
445,Non-working Hours,Zone 3,28.2020833194,Operative Temp. [deg. C]
446,Non-working Hours,Zone 3,28.2794445,Operative Temp. [deg. C]
447,Non-working Hours,Zone 3,28.2812500347,Operative Temp. [deg. C]
448,Non-working Hours,Zone 3,28.2540277778,Operative Temp. [deg. C]
449,Non-working Hours,Zone 3,28.2648750312,Operative Temp. [deg. C]
450,Non-working Hours,Zone 3,28.2501250813,Operative Temp. [deg. C]
451,Non-working Hours,Zone 3,28.1977777639,Operative Temp. [deg. C]
452,Non-working Hours,Zone 3,28.2178750125,Operative Temp. [deg. C]
453,Non-working Hours,Zone 3,28.2033333681,Operative Temp. [deg. C]
454,Non-working Hours,Zone 3,28.182625075,Operative Temp. [deg. C]
455,Non-working Hours,Zone 3,28.2071250375,Operative Temp. [deg. C]
456,Non-working Hours,Zone 3,28.2336111042,Operative Temp. [deg. C]
457,Non-working Hours,Zone 3,28.196625075,Operative Temp. [deg. C]
458,Non-working Hours,Zone 3,28.1701806701,Operative Temp. [deg. C]
459,Non-working Hours,Zone 3,28.1799167271,Operative Temp. [deg. C]
460,Non-working Hours,Zone 3,28.1722499813,Operative Temp. [deg. C]
461,Non-working Hours,Zone 3,28.1658333056,Operative Temp. [deg. C]
462,Non-working Hours,Zone 3,28.1736249937,Operative Temp. [deg. C]
463,Non-working Hours,Zone 3,28.1587500875,Operative Temp. [deg. C]
464,Non-working Hours,Zone 3,28.1538888472,Operative Temp. [deg. C]
465,Non-working Hours,Zone 3,28.1559999375,Operative Temp. [deg. C]
466,Non-working Hours,Zone 3,28.1622222361,Operative Temp. [deg. C]
467,Non-working Hours,Zone 3,28.1781250687,Operative Temp. [deg. C]
468,Non-working Hours,Zone 3,28.2089999875,Operative Temp. [deg. C]
469,Non-working Hours,Zone 3,28.2130555278,Operative Temp. [deg. C]
470,Non-working Hours,Zone 3,28.1763750375,Operative Temp. [deg. C]
471,Non-working Hours,Zone 3,28.1669445,Operative Temp. [deg. C]
472,Non-working Hours,Zone 3,28.146125,Operative Temp. [deg. C]
473,Non-working Hours,Zone 3,28.1621250813,Operative Temp. [deg. C]
474,Non-working Hours,Zone 3,28.1887499445,Operative Temp. [deg. C]
475,Non-working Hours,Zone 3,28.2178750875,Operative Temp. [deg. C]
476,Non-working Hours,Zone 3,28.2081944375,Operative Temp. [deg. C]
477,Non-working Hours,Zone 3,28.2215000687,Operative Temp. [deg. C]
478,Non-working Hours,Zone 3,28.2227500875,Operative Temp. [deg. C]
479,Non-working Hours,Zone 3,28.2168055139,Operative Temp. [deg. C]
480,Non-working Hours,Zone 3,28.2018750438,Operative Temp. [deg. C]
481,Non-working Hours,Zone 3,27.6218748375,Operative Temp. [deg. C]
482,Non-working Hours,Zone 3,27.649750025,Operative Temp. [deg. C]
483,Non-working Hours,Zone 3,27.6623611806,Operative Temp. [deg. C]
484,Non-working Hours,Zone 3,27.6710000125,Operative Temp. [deg. C]
485,Non-working Hours,Zone 3,27.7101249688,Operative Temp. [deg. C]
486,Non-working Hours,Zone 3,27.6802778125,Operative Temp. [deg. C]
487,Non-working Hours,Zone 3,27.6927500562,Operative Temp. [deg. C]
488,Non-working Hours,Zone 3,27.7547221597,Operative Temp. [deg. C]
489,Non-working Hours,Zone 3,27.7787501187,Operative Temp. [deg. C]
490,Non-working Hours,Zone 3,27.8366252687,Operative Temp. [deg. C]
491,Non-working Hours,Zone 3,27.8079168125,Operative Temp. [deg. C]
492,Non-working Hours,Zone 3,27.805124925,Operative Temp. [deg. C]
493,Non-working Hours,Zone 3,27.8251389514,Operative Temp. [deg. C]
494,Non-working Hours,Zone 3,27.934999925,Operative Temp. [deg. C]
495,Non-working Hours,Zone 3,27.9170001062,Operative Temp. [deg. C]
496,Non-working Hours,Zone 3,27.9193058125,Operative Temp. [deg. C]
497,Non-working Hours,Zone 3,27.9497497438,Operative Temp. [deg. C]
498,Non-working Hours,Zone 3,28.0043054445,Operative Temp. [deg. C]
499,Non-working Hours,Zone 3,28.0228749562,Operative Temp. [deg. C]
500,Non-working Hours,Zone 3,28.0681249625,Operative Temp. [deg. C]
501,Non-working Hours,Zone 3,28.0694444792,Operative Temp. [deg. C]
502,Non-working Hours,Zone 3,28.060749975,Operative Temp. [deg. C]
503,Non-working Hours,Zone 3,28.0485000125,Operative Temp. [deg. C]
504,Non-working Hours,Zone 3,28.0658333055,Operative Temp. [deg. C]
505,Non-working Hours,Zone 3,28.0268750375,Operative Temp. [deg. C]
506,Non-working Hours,Zone 3,28.0498611736,Operative Temp. [deg. C]
507,Non-working Hours,Zone 3,28.0187499937,Operative Temp. [deg. C]
508,Non-working Hours,Zone 3,27.9716246563,Operative Temp. [deg. C]
509,Non-working Hours,Zone 3,27.9637497431,Operative Temp. [deg. C]
510,Non-working Hours,Zone 3,27.9327500687,Operative Temp. [deg. C]
511,Non-working Hours,Zone 3,27.9283334306,Operative Temp. [deg. C]
512,Non-working Hours,Zone 3,27.9047503562,Operative Temp. [deg. C]
513,Non-working Hours,Zone 3,27.8691252125,Operative Temp. [deg. C]
514,Non-working Hours,Zone 3,27.8622223194,Operative Temp. [deg. C]
515,Non-working Hours,Zone 3,27.8713750563,Operative Temp. [deg. C]
516,Non-working Hours,Zone 3,27.92175005,Operative Temp. [deg. C]
517,Non-working Hours,Zone 3,27.9877774653,Operative Temp. [deg. C]
518,Non-working Hours,Zone 3,27.9873747688,Operative Temp. [deg. C]
519,Non-working Hours,Zone 3,27.9841662708,Operative Temp. [deg. C]
520,Non-working Hours,Zone 3,28.006124775,Operative Temp. [deg. C]
521,Non-working Hours,Zone 3,28.0119441736,Operative Temp. [deg. C]
522,Non-working Hours,Zone 3,28.0720000875,Operative Temp. [deg. C]
523,Non-working Hours,Zone 3,28.0423610625,Operative Temp. [deg. C]
524,Non-working Hours,Zone 3,28.0593749187,Operative Temp. [deg. C]
525,Non-working Hours,Zone 3,28.0163887639,Operative Temp. [deg. C]
526,Non-working Hours,Zone 3,27.9218751,Operative Temp. [deg. C]
527,Non-working Hours,Zone 3,27.9358338472,Operative Temp. [deg. C]
528,Non-working Hours,Zone 3,27.958750025,Operative Temp. [deg. C]
529,Non-working Hours,Zone 3,27.9223614722,Operative Temp. [deg. C]
530,Non-working Hours,Zone 3,27.92712535,Operative Temp. [deg. C]
531,Non-working Hours,Zone 3,27.3907500125,Operative Temp. [deg. C]
532,Non-working Hours,Zone 3,27.3738890694,Operative Temp. [deg. C]
533,Non-working Hours,Zone 3,27.4100003937,Operative Temp. [deg. C]
534,Non-working Hours,Zone 3,27.4187505,Operative Temp. [deg. C]
535,Non-working Hours,Zone 3,27.418875275,Operative Temp. [deg. C]
536,Non-working Hours,Zone 3,27.409125375,Operative Temp. [deg. C]
537,Non-working Hours,Zone 3,27.4923606458,Operative Temp. [deg. C]
538,Non-working Hours,Zone 3,27.4961247063,Operative Temp. [deg. C]
539,Non-working Hours,Zone 3,27.5158329305,Operative Temp. [deg. C]
540,Non-working Hours,Zone 3,27.4943746312,Operative Temp. [deg. C]
541,Non-working Hours,Zone 3,27.5382498687,Operative Temp. [deg. C]
542,Non-working Hours,Zone 3,27.5487496875,Operative Temp. [deg. C]
543,Non-working Hours,Zone 3,27.5619998125,Operative Temp. [deg. C]
544,Non-working Hours,Zone 3,27.6416250062,Operative Temp. [deg. C]
545,Non-working Hours,Zone 3,27.6947222847,Operative Temp. [deg. C]
546,Non-working Hours,Zone 3,27.6912500937,Operative Temp. [deg. C]
547,Non-working Hours,Zone 3,27.6991666667,Operative Temp. [deg. C]
548,Non-working Hours,Zone 3,27.7133752187,Operative Temp. [deg. C]
549,Non-working Hours,Zone 3,27.6463889167,Operative Temp. [deg. C]
550,Non-working Hours,Zone 3,27.7251251188,Operative Temp. [deg. C]
551,Non-working Hours,Zone 3,27.6744444792,Operative Temp. [deg. C]
552,Non-working Hours,Zone 3,27.7115000188,Operative Temp. [deg. C]
553,Non-working Hours,Zone 3,27.741375175,Operative Temp. [deg. C]
554,Non-working Hours,Zone 3,27.7366667222,Operative Temp. [deg. C]
555,Non-working Hours,Zone 3,27.7551251312,Operative Temp. [deg. C]
556,Non-working Hours,Zone 3,27.7741667431,Operative Temp. [deg. C]
557,Non-working Hours,Zone 3,27.7942502938,Operative Temp. [deg. C]
558,Non-working Hours,Zone 3,27.8095001375,Operative Temp. [deg. C]
559,Non-working Hours,Zone 3,27.7648611736,Operative Temp. [deg. C]
560,Non-working Hours,Zone 3,27.77175025,Operative Temp. [deg. C]
561,Non-working Hours,Zone 3,27.7969448958,Operative Temp. [deg. C]
562,Non-working Hours,Zone 3,27.7957503813,Operative Temp. [deg. C]
563,Non-working Hours,Zone 3,27.7658334514,Operative Temp. [deg. C]
564,Non-working Hours,Zone 3,27.7556250687,Operative Temp. [deg. C]
565,Non-working Hours,Zone 3,27.7346250938,Operative Temp. [deg. C]
566,Non-working Hours,Zone 3,27.7623610347,Operative Temp. [deg. C]
567,Non-working Hours,Zone 3,27.7601251,Operative Temp. [deg. C]
568,Non-working Hours,Zone 3,27.7602776667,Operative Temp. [deg. C]
569,Non-working Hours,Zone 3,27.7271249437,Operative Temp. [deg. C]
570,Non-working Hours,Zone 3,27.6773749438,Operative Temp. [deg. C]
571,Non-working Hours,Zone 3,27.7002777986,Operative Temp. [deg. C]
572,Non-working Hours,Zone 3,27.7344723083,Operative Temp. [deg. C]
573,Non-working Hours,Zone 3,27.6955556722,Operative Temp. [deg. C]
574,Non-working Hours,Zone 3,27.7195000563,Operative Temp. [deg. C]
575,Non-working Hours,Zone 3,27.7931944445,Operative Temp. [deg. C]
576,Non-working Hours,Zone 3,27.8357502313,Operative Temp. [deg. C]
577,Non-working Hours,Zone 3,27.8524725792,Operative Temp. [deg. C]
578,Non-working Hours,Zone 3,27.8489031236,Operative Temp. [deg. C]
579,Non-working Hours,Zone 3,27.863125425,Operative Temp. [deg. C]
580,Non-working Hours,Zone 3,27.9008330486,Operative Temp. [deg. C]
581,Non-working Hours,Zone 3,27.1977500625,Operative Temp. [deg. C]
582,Non-working Hours,Zone 3,27.2323611042,Operative Temp. [deg. C]
583,Non-working Hours,Zone 3,27.2110000812,Operative Temp. [deg. C]
584,Non-working Hours,Zone 3,27.2327500563,Operative Temp. [deg. C]
585,Non-working Hours,Zone 3,27.2211110972,Operative Temp. [deg. C]
586,Non-working Hours,Zone 3,27.2282500125,Operative Temp. [deg. C]
587,Non-working Hours,Zone 3,27.1941666528,Operative Temp. [deg. C]
588,Non-working Hours,Zone 3,27.2416250063,Operative Temp. [deg. C]
589,Non-working Hours,Zone 3,27.2882499688,Operative Temp. [deg. C]
590,Non-working Hours,Zone 3,27.307083257,Operative Temp. [deg. C]
591,Non-working Hours,Zone 3,27.2976250125,Operative Temp. [deg. C]
592,Non-working Hours,Zone 3,27.3522223472,Operative Temp. [deg. C]
593,Non-working Hours,Zone 3,27.3422500312,Operative Temp. [deg. C]
594,Non-working Hours,Zone 3,27.5174997125,Operative Temp. [deg. C]
