,Zones,Value,Occupancy Type,Unit
0,Zone 1,60.7860565185,Working Hours,Rel. Humidity [%]
1,Zone 1,60.678742981,Working Hours,Rel. Humidity [%]
2,Zone 1,61.374822998,Working Hours,Rel. Humidity [%]
3,Zone 1,61.2942459107,Working Hours,Rel. Humidity [%]
4,Zone 1,61.1855262756,Working Hours,Rel. Humidity [%]
5,Zone 1,61.6526725769,Working Hours,Rel. Humidity [%]
6,Zone 1,61.7831062317,Working Hours,Rel. Humidity [%]
7,Zone 1,61.6111351013,Working Hours,Rel. Humidity [%]
8,Zone 1,61.8285552978,Working Hours,Rel. Humidity [%]
9,Zone 1,61.6877990722,Working Hours,Rel. Humidity [%]
10,Zone 1,62.0061973572,Working Hours,Rel. Humidity [%]
11,Zone 1,61.6379638672,Working Hours,Rel. Humidity [%]
12,Zone 1,61.4919624329,Working Hours,Rel. Humidity [%]
13,Zone 1,61.0973297119,Working Hours,Rel. Humidity [%]
14,Zone 1,61.5803535461,Working Hours,Rel. Humidity [%]
15,Zone 1,61.5244819641,Working Hours,Rel. Humidity [%]
16,Zone 1,60.7076408386,Working Hours,Rel. Humidity [%]
17,Zone 1,60.9436408997,Working Hours,Rel. Humidity [%]
18,Zone 1,61.0482330322,Working Hours,Rel. Humidity [%]
19,Zone 1,60.6703674316,Working Hours,Rel. Humidity [%]
20,Zone 1,60.9325820923,Working Hours,Rel. Humidity [%]
21,Zone 1,61.2647247315,Working Hours,Rel. Humidity [%]
22,Zone 1,60.5767852783,Working Hours,Rel. Humidity [%]
23,Zone 1,60.9894161224,Working Hours,Rel. Humidity [%]
24,Zone 1,61.0045700073,Working Hours,Rel. Humidity [%]
25,Zone 1,61.2588760376,Working Hours,Rel. Humidity [%]
26,Zone 1,61.0294967651,Working Hours,Rel. Humidity [%]
27,Zone 1,60.7737236023,Working Hours,Rel. Humidity [%]
28,Zone 1,60.5378974914,Working Hours,Rel. Humidity [%]
29,Zone 1,60.6883216858,Working Hours,Rel. Humidity [%]
30,Zone 1,60.8962722778,Working Hours,Rel. Humidity [%]
31,Zone 1,60.679170227,Working Hours,Rel. Humidity [%]
32,Zone 1,60.6078948975,Working Hours,Rel. Humidity [%]
33,Zone 1,60.8197463989,Working Hours,Rel. Humidity [%]
34,Zone 1,61.3936340332,Working Hours,Rel. Humidity [%]
35,Zone 1,61.1762046814,Working Hours,Rel. Humidity [%]
36,Zone 1,61.0170715332,Working Hours,Rel. Humidity [%]
37,Zone 1,61.1937637329,Working Hours,Rel. Humidity [%]
38,Zone 1,60.7867828369,Working Hours,Rel. Humidity [%]
39,Zone 1,61.5440086365,Working Hours,Rel. Humidity [%]
40,Zone 1,60.9889844259,Working Hours,Rel. Humidity [%]
41,Zone 1,61.3644599915,Working Hours,Rel. Humidity [%]
42,Zone 1,61.0296730042,Working Hours,Rel. Humidity [%]
43,Zone 1,61.3542391459,Working Hours,Rel. Humidity [%]
44,Zone 1,61.3342218399,Working Hours,Rel. Humidity [%]
45,Zone 1,61.5104885102,Working Hours,Rel. Humidity [%]
46,Zone 1,62.68230896,Working Hours,Rel. Humidity [%]
47,Zone 1,62.6263084412,Working Hours,Rel. Humidity [%]
48,Zone 1,62.0372131347,Working Hours,Rel. Humidity [%]
49,Zone 1,63.2662086487,Working Hours,Rel. Humidity [%]
50,Zone 1,63.34887441,Working Hours,Rel. Humidity [%]
51,Zone 1,64.3654708862,Working Hours,Rel. Humidity [%]
52,Zone 1,63.7612724304,Working Hours,Rel. Humidity [%]
53,Zone 1,63.1593841553,Working Hours,Rel. Humidity [%]
54,Zone 1,62.8776306152,Working Hours,Rel. Humidity [%]
55,Zone 1,62.730483373,Working Hours,Rel. Humidity [%]
56,Zone 1,63.0236213684,Working Hours,Rel. Humidity [%]
57,Zone 1,63.4300064087,Working Hours,Rel. Humidity [%]
58,Zone 1,63.1899592082,Working Hours,Rel. Humidity [%]
59,Zone 1,63.2967308044,Working Hours,Rel. Humidity [%]
60,Zone 1,63.2410411835,Working Hours,Rel. Humidity [%]
61,Zone 1,63.3116938273,Working Hours,Rel. Humidity [%]
62,Zone 1,63.8161361694,Working Hours,Rel. Humidity [%]
63,Zone 1,63.7538146973,Working Hours,Rel. Humidity [%]
64,Zone 1,63.6533959707,Working Hours,Rel. Humidity [%]
65,Zone 1,63.947958374,Working Hours,Rel. Humidity [%]
66,Zone 1,63.3443450927,Working Hours,Rel. Humidity [%]
67,Zone 1,63.2407232921,Working Hours,Rel. Humidity [%]
68,Zone 1,63.4076446533,Working Hours,Rel. Humidity [%]
69,Zone 1,63.1194279989,Working Hours,Rel. Humidity [%]
70,Zone 1,63.2425727844,Working Hours,Rel. Humidity [%]
71,Zone 1,63.4037011464,Working Hours,Rel. Humidity [%]
72,Zone 1,63.5969154358,Working Hours,Rel. Humidity [%]
73,Zone 1,63.4218095144,Working Hours,Rel. Humidity [%]
74,Zone 1,63.4045967102,Working Hours,Rel. Humidity [%]
75,Zone 1,63.8745962779,Working Hours,Rel. Humidity [%]
76,Zone 1,63.7626845042,Working Hours,Rel. Humidity [%]
77,Zone 1,63.7041015625,Working Hours,Rel. Humidity [%]
78,Zone 1,64.071202596,Working Hours,Rel. Humidity [%]
79,Zone 1,63.7361579895,Working Hours,Rel. Humidity [%]
80,Zone 1,64.1470368703,Working Hours,Rel. Humidity [%]
81,Zone 1,63.9475421906,Working Hours,Rel. Humidity [%]
82,Zone 1,63.4063690185,Working Hours,Rel. Humidity [%]
83,Zone 1,63.619831721,Working Hours,Rel. Humidity [%]
84,Zone 1,63.8071800232,Working Hours,Rel. Humidity [%]
85,Zone 1,63.354598999,Working Hours,Rel. Humidity [%]
86,Zone 1,63.2541542053,Working Hours,Rel. Humidity [%]
87,Zone 1,63.1037910461,Working Hours,Rel. Humidity [%]
88,Zone 1,63.3889141083,Working Hours,Rel. Humidity [%]
89,Zone 1,63.1404319763,Working Hours,Rel. Humidity [%]
90,Zone 1,62.9329986572,Working Hours,Rel. Humidity [%]
91,Zone 1,63.0650844574,Working Hours,Rel. Humidity [%]
92,Zone 1,63.0943023682,Working Hours,Rel. Humidity [%]
93,Zone 1,63.0904699961,Working Hours,Rel. Humidity [%]
94,Zone 1,63.001329422,Working Hours,Rel. Humidity [%]
95,Zone 1,63.3660163879,Working Hours,Rel. Humidity [%]
96,Zone 1,63.6073462168,Working Hours,Rel. Humidity [%]
97,Zone 1,64.3336112976,Working Hours,Rel. Humidity [%]
98,Zone 1,61.1494552612,Working Hours,Rel. Humidity [%]
99,Zone 1,61.223110199,Working Hours,Rel. Humidity [%]
100,Zone 1,61.1953220368,Working Hours,Rel. Humidity [%]
101,Zone 1,61.4702026367,Working Hours,Rel. Humidity [%]
102,Zone 1,61.4197418213,Working Hours,Rel. Humidity [%]
103,Zone 1,60.776953125,Working Hours,Rel. Humidity [%]
104,Zone 1,61.6439353943,Working Hours,Rel. Humidity [%]
105,Zone 1,61.571144104,Working Hours,Rel. Humidity [%]
106,Zone 1,61.1634254455,Working Hours,Rel. Humidity [%]
107,Zone 1,61.2875823975,Working Hours,Rel. Humidity [%]
108,Zone 1,61.7852392197,Working Hours,Rel. Humidity [%]
109,Zone 1,60.7726716995,Working Hours,Rel. Humidity [%]
110,Zone 1,60.5590705871,Working Hours,Rel. Humidity [%]
111,Zone 1,61.0093994141,Working Hours,Rel. Humidity [%]
112,Zone 1,61.2283653259,Working Hours,Rel. Humidity [%]
113,Zone 1,61.0714653015,Working Hours,Rel. Humidity [%]
114,Zone 1,60.3783195496,Working Hours,Rel. Humidity [%]
115,Zone 1,60.5821838379,Working Hours,Rel. Humidity [%]
116,Zone 1,60.7921543121,Working Hours,Rel. Humidity [%]
117,Zone 1,60.9257095337,Working Hours,Rel. Humidity [%]
118,Zone 1,61.2280029297,Working Hours,Rel. Humidity [%]
119,Zone 1,60.4077003479,Working Hours,Rel. Humidity [%]
120,Zone 1,60.1527160645,Working Hours,Rel. Humidity [%]
121,Zone 1,60.0327043533,Working Hours,Rel. Humidity [%]
122,Zone 1,60.0541400909,Working Hours,Rel. Humidity [%]
123,Zone 1,60.416670227,Working Hours,Rel. Humidity [%]
124,Zone 1,59.8326339722,Working Hours,Rel. Humidity [%]
125,Zone 1,59.9068069458,Working Hours,Rel. Humidity [%]
126,Zone 1,60.4604164123,Working Hours,Rel. Humidity [%]
127,Zone 1,60.5522003174,Working Hours,Rel. Humidity [%]
128,Zone 1,60.3681221008,Working Hours,Rel. Humidity [%]
129,Zone 1,59.9878738404,Working Hours,Rel. Humidity [%]
130,Zone 1,60.3878852844,Working Hours,Rel. Humidity [%]
131,Zone 1,60.3237976074,Working Hours,Rel. Humidity [%]
132,Zone 1,60.0455467224,Working Hours,Rel. Humidity [%]
133,Zone 1,60.3128036499,Working Hours,Rel. Humidity [%]
134,Zone 1,60.1305961609,Working Hours,Rel. Humidity [%]
135,Zone 1,59.8270477295,Working Hours,Rel. Humidity [%]
136,Zone 1,59.5064109802,Working Hours,Rel. Humidity [%]
137,Zone 1,60.1165320079,Working Hours,Rel. Humidity [%]
138,Zone 1,60.3022651672,Working Hours,Rel. Humidity [%]
139,Zone 1,59.931905365,Working Hours,Rel. Humidity [%]
140,Zone 1,60.1827932993,Working Hours,Rel. Humidity [%]
141,Zone 1,60.2548027039,Working Hours,Rel. Humidity [%]
142,Zone 1,60.6838429769,Working Hours,Rel. Humidity [%]
143,Zone 1,60.693056488,Working Hours,Rel. Humidity [%]
144,Zone 1,60.4248542786,Working Hours,Rel. Humidity [%]
145,Zone 1,60.5511703491,Working Hours,Rel. Humidity [%]
146,Zone 1,60.9251197815,Working Hours,Rel. Humidity [%]
147,Zone 2,61.8432624817,Working Hours,Rel. Humidity [%]
148,Zone 2,61.9527267456,Working Hours,Rel. Humidity [%]
149,Zone 2,62.4174957275,Working Hours,Rel. Humidity [%]
150,Zone 2,62.6222864787,Working Hours,Rel. Humidity [%]
151,Zone 2,62.6310863495,Working Hours,Rel. Humidity [%]
152,Zone 2,63.3051086426,Working Hours,Rel. Humidity [%]
153,Zone 2,63.5773220062,Working Hours,Rel. Humidity [%]
154,Zone 2,63.7156219482,Working Hours,Rel. Humidity [%]
155,Zone 2,63.2817565918,Working Hours,Rel. Humidity [%]
156,Zone 2,62.9594673157,Working Hours,Rel. Humidity [%]
157,Zone 2,63.5770744324,Working Hours,Rel. Humidity [%]
158,Zone 2,63.7730300903,Working Hours,Rel. Humidity [%]
159,Zone 2,62.223425293,Working Hours,Rel. Humidity [%]
160,Zone 2,63.061719513,Working Hours,Rel. Humidity [%]
161,Zone 2,62.4183820089,Working Hours,Rel. Humidity [%]
162,Zone 2,61.134085083,Working Hours,Rel. Humidity [%]
163,Zone 2,62.1285598755,Working Hours,Rel. Humidity [%]
164,Zone 2,61.1462036133,Working Hours,Rel. Humidity [%]
165,Zone 2,60.7172889709,Working Hours,Rel. Humidity [%]
166,Zone 2,59.6650238037,Working Hours,Rel. Humidity [%]
167,Zone 2,58.8647865295,Working Hours,Rel. Humidity [%]
168,Zone 2,58.6206214905,Working Hours,Rel. Humidity [%]
169,Zone 2,58.8420959473,Working Hours,Rel. Humidity [%]
170,Zone 2,59.6683609009,Working Hours,Rel. Humidity [%]
171,Zone 2,59.9283805847,Working Hours,Rel. Humidity [%]
172,Zone 2,60.7652915955,Working Hours,Rel. Humidity [%]
173,Zone 2,60.6904289245,Working Hours,Rel. Humidity [%]
174,Zone 2,60.7853870392,Working Hours,Rel. Humidity [%]
175,Zone 2,62.8995872498,Working Hours,Rel. Humidity [%]
176,Zone 2,60.9379837036,Working Hours,Rel. Humidity [%]
177,Zone 2,62.4587814331,Working Hours,Rel. Humidity [%]
178,Zone 2,62.3465827942,Working Hours,Rel. Humidity [%]
179,Zone 2,61.2905540466,Working Hours,Rel. Humidity [%]
180,Zone 2,61.2737197876,Working Hours,Rel. Humidity [%]
181,Zone 2,61.5163246155,Working Hours,Rel. Humidity [%]
182,Zone 2,62.1803001404,Working Hours,Rel. Humidity [%]
183,Zone 2,61.4392852783,Working Hours,Rel. Humidity [%]
184,Zone 2,62.049974823,Working Hours,Rel. Humidity [%]
185,Zone 2,62.408782959,Working Hours,Rel. Humidity [%]
186,Zone 2,61.5706474304,Working Hours,Rel. Humidity [%]
187,Zone 2,61.0147857666,Working Hours,Rel. Humidity [%]
188,Zone 2,60.1139291128,Working Hours,Rel. Humidity [%]
189,Zone 2,60.7004127503,Working Hours,Rel. Humidity [%]
190,Zone 2,59.7602912903,Working Hours,Rel. Humidity [%]
191,Zone 2,60.0915252685,Working Hours,Rel. Humidity [%]
192,Zone 2,61.482861201,Working Hours,Rel. Humidity [%]
193,Zone 2,61.1584472656,Working Hours,Rel. Humidity [%]
194,Zone 2,63.0637842814,Working Hours,Rel. Humidity [%]
195,Zone 2,62.3383922577,Working Hours,Rel. Humidity [%]
196,Zone 2,62.2865797679,Working Hours,Rel. Humidity [%]
197,Zone 2,62.9553527832,Working Hours,Rel. Humidity [%]
198,Zone 2,63.1708742777,Working Hours,Rel. Humidity [%]
199,Zone 2,62.9439002991,Working Hours,Rel. Humidity [%]
200,Zone 2,62.7597457886,Working Hours,Rel. Humidity [%]
201,Zone 2,61.6703936259,Working Hours,Rel. Humidity [%]
202,Zone 2,61.7725646973,Working Hours,Rel. Humidity [%]
203,Zone 2,61.7824236552,Working Hours,Rel. Humidity [%]
204,Zone 2,62.7377983093,Working Hours,Rel. Humidity [%]
205,Zone 2,62.6852867126,Working Hours,Rel. Humidity [%]
206,Zone 2,61.7930049896,Working Hours,Rel. Humidity [%]
207,Zone 2,62.638429006,Working Hours,Rel. Humidity [%]
208,Zone 2,62.8388595581,Working Hours,Rel. Humidity [%]
209,Zone 2,62.5742384593,Working Hours,Rel. Humidity [%]
210,Zone 2,62.6874961853,Working Hours,Rel. Humidity [%]
211,Zone 2,62.8473991394,Working Hours,Rel. Humidity [%]
212,Zone 2,63.017712911,Working Hours,Rel. Humidity [%]
213,Zone 2,63.3135910034,Working Hours,Rel. Humidity [%]
214,Zone 2,62.1647705078,Working Hours,Rel. Humidity [%]
215,Zone 2,62.644830068,Working Hours,Rel. Humidity [%]
216,Zone 2,63.1347297669,Working Hours,Rel. Humidity [%]
217,Zone 2,62.4524548848,Working Hours,Rel. Humidity [%]
218,Zone 2,63.4509162903,Working Hours,Rel. Humidity [%]
219,Zone 2,62.8850282033,Working Hours,Rel. Humidity [%]
220,Zone 2,63.5704521179,Working Hours,Rel. Humidity [%]
221,Zone 2,62.9628829956,Working Hours,Rel. Humidity [%]
222,Zone 2,63.8854668935,Working Hours,Rel. Humidity [%]
223,Zone 2,64.3455047608,Working Hours,Rel. Humidity [%]
224,Zone 2,63.9891033173,Working Hours,Rel. Humidity [%]
225,Zone 2,63.8878219604,Working Hours,Rel. Humidity [%]
226,Zone 2,64.1132297516,Working Hours,Rel. Humidity [%]
227,Zone 2,64.2416712443,Working Hours,Rel. Humidity [%]
228,Zone 2,64.5004997253,Working Hours,Rel. Humidity [%]
229,Zone 2,64.9867261251,Working Hours,Rel. Humidity [%]
230,Zone 2,64.2998664856,Working Hours,Rel. Humidity [%]
231,Zone 2,63.9153639475,Working Hours,Rel. Humidity [%]
232,Zone 2,63.7812315623,Working Hours,Rel. Humidity [%]
233,Zone 2,64.1924713135,Working Hours,Rel. Humidity [%]
234,Zone 2,63.6071573893,Working Hours,Rel. Humidity [%]
235,Zone 2,64.6989105225,Working Hours,Rel. Humidity [%]
236,Zone 2,63.6953633626,Working Hours,Rel. Humidity [%]
237,Zone 2,63.9191799164,Working Hours,Rel. Humidity [%]
238,Zone 2,64.1109161377,Working Hours,Rel. Humidity [%]
239,Zone 2,64.5429197947,Working Hours,Rel. Humidity [%]
240,Zone 2,64.4367459615,Working Hours,Rel. Humidity [%]
241,Zone 2,64.675025177,Working Hours,Rel. Humidity [%]
242,Zone 2,65.5361938476,Working Hours,Rel. Humidity [%]
243,Zone 2,64.8969528198,Working Hours,Rel. Humidity [%]
244,Zone 2,65.7860616048,Working Hours,Rel. Humidity [%]
245,Zone 2,62.9427369436,Working Hours,Rel. Humidity [%]
246,Zone 2,62.8558616638,Working Hours,Rel. Humidity [%]
247,Zone 2,63.8740623474,Working Hours,Rel. Humidity [%]
248,Zone 2,63.5262832642,Working Hours,Rel. Humidity [%]
249,Zone 2,63.8006393433,Working Hours,Rel. Humidity [%]
250,Zone 2,63.7361106873,Working Hours,Rel. Humidity [%]
251,Zone 2,63.4138580322,Working Hours,Rel. Humidity [%]
252,Zone 2,62.9516670227,Working Hours,Rel. Humidity [%]
253,Zone 2,63.0981124878,Working Hours,Rel. Humidity [%]
254,Zone 2,62.6865089417,Working Hours,Rel. Humidity [%]
255,Zone 2,63.4203865051,Working Hours,Rel. Humidity [%]
256,Zone 2,63.4047752381,Working Hours,Rel. Humidity [%]
257,Zone 2,62.6803100586,Working Hours,Rel. Humidity [%]
258,Zone 2,63.7041654587,Working Hours,Rel. Humidity [%]
259,Zone 2,64.907119751,Working Hours,Rel. Humidity [%]
260,Zone 2,63.724420929,Working Hours,Rel. Humidity [%]
261,Zone 2,63.9916687012,Working Hours,Rel. Humidity [%]
262,Zone 2,64.5186668396,Working Hours,Rel. Humidity [%]
263,Zone 2,64.917048645,Working Hours,Rel. Humidity [%]
264,Zone 2,65.223274231,Working Hours,Rel. Humidity [%]
265,Zone 2,64.7342048645,Working Hours,Rel. Humidity [%]
266,Zone 2,65.0581760406,Working Hours,Rel. Humidity [%]
267,Zone 2,65.4048538208,Working Hours,Rel. Humidity [%]
268,Zone 2,65.0247375488,Working Hours,Rel. Humidity [%]
269,Zone 2,64.7725875855,Working Hours,Rel. Humidity [%]
270,Zone 2,64.5620483398,Working Hours,Rel. Humidity [%]
271,Zone 2,64.0133033752,Working Hours,Rel. Humidity [%]
272,Zone 2,63.9769416809,Working Hours,Rel. Humidity [%]
273,Zone 2,64.5045211792,Working Hours,Rel. Humidity [%]
274,Zone 2,64.0795211792,Working Hours,Rel. Humidity [%]
275,Zone 2,63.8885940552,Working Hours,Rel. Humidity [%]
276,Zone 2,64.2186141968,Working Hours,Rel. Humidity [%]
277,Zone 2,64.532711792,Working Hours,Rel. Humidity [%]
278,Zone 2,64.1247543335,Working Hours,Rel. Humidity [%]
279,Zone 2,64.3774093628,Working Hours,Rel. Humidity [%]
280,Zone 2,64.4264953613,Working Hours,Rel. Humidity [%]
281,Zone 2,64.3873130798,Working Hours,Rel. Humidity [%]
282,Zone 2,64.2524124146,Working Hours,Rel. Humidity [%]
283,Zone 2,64.5440109253,Working Hours,Rel. Humidity [%]
284,Zone 2,64.0057609558,Working Hours,Rel. Humidity [%]
285,Zone 2,63.9046045939,Working Hours,Rel. Humidity [%]
286,Zone 2,64.3549880981,Working Hours,Rel. Humidity [%]
287,Zone 2,64.3796607971,Working Hours,Rel. Humidity [%]
288,Zone 2,63.81235377,Working Hours,Rel. Humidity [%]
289,Zone 2,64.4815658569,Working Hours,Rel. Humidity [%]
290,Zone 2,64.2840385437,Working Hours,Rel. Humidity [%]
291,Zone 2,63.3555812836,Working Hours,Rel. Humidity [%]
292,Zone 2,62.8731040955,Working Hours,Rel. Humidity [%]
293,Zone 2,63.3438498179,Working Hours,Rel. Humidity [%]
294,Zone 3,59.462770462,Working Hours,Rel. Humidity [%]
295,Zone 3,59.4759193421,Working Hours,Rel. Humidity [%]
296,Zone 3,59.7420444489,Working Hours,Rel. Humidity [%]
297,Zone 3,59.4052558899,Working Hours,Rel. Humidity [%]
298,Zone 3,60.0197341919,Working Hours,Rel. Humidity [%]
299,Zone 3,59.6385017395,Working Hours,Rel. Humidity [%]
300,Zone 3,60.1590034485,Working Hours,Rel. Humidity [%]
301,Zone 3,59.8887588501,Working Hours,Rel. Humidity [%]
302,Zone 3,60.6099655151,Working Hours,Rel. Humidity [%]
303,Zone 3,59.5049530029,Working Hours,Rel. Humidity [%]
304,Zone 3,60.0704399109,Working Hours,Rel. Humidity [%]
305,Zone 3,59.6432243347,Working Hours,Rel. Humidity [%]
306,Zone 3,59.7839012146,Working Hours,Rel. Humidity [%]
307,Zone 3,59.7820351918,Working Hours,Rel. Humidity [%]
308,Zone 3,60.1977722168,Working Hours,Rel. Humidity [%]
309,Zone 3,60.3313522339,Working Hours,Rel. Humidity [%]
310,Zone 3,59.2692230224,Working Hours,Rel. Humidity [%]
311,Zone 3,59.5254394531,Working Hours,Rel. Humidity [%]
312,Zone 3,59.3807531993,Working Hours,Rel. Humidity [%]
313,Zone 3,59.6629096985,Working Hours,Rel. Humidity [%]
314,Zone 3,59.4268035889,Working Hours,Rel. Humidity [%]
315,Zone 3,60.1367980957,Working Hours,Rel. Humidity [%]
316,Zone 3,60.0771347046,Working Hours,Rel. Humidity [%]
317,Zone 3,60.0511070251,Working Hours,Rel. Humidity [%]
318,Zone 3,60.4296951294,Working Hours,Rel. Humidity [%]
319,Zone 3,60.526875178,Working Hours,Rel. Humidity [%]
320,Zone 3,60.224672699,Working Hours,Rel. Humidity [%]
321,Zone 3,59.8100402832,Working Hours,Rel. Humidity [%]
322,Zone 3,59.9825088501,Working Hours,Rel. Humidity [%]
323,Zone 3,59.7661880493,Working Hours,Rel. Humidity [%]
324,Zone 3,59.463886261,Working Hours,Rel. Humidity [%]
325,Zone 3,58.7485710144,Working Hours,Rel. Humidity [%]
326,Zone 3,58.9966415405,Working Hours,Rel. Humidity [%]
327,Zone 3,59.4547576904,Working Hours,Rel. Humidity [%]
328,Zone 3,59.1768791199,Working Hours,Rel. Humidity [%]
329,Zone 3,59.5746650696,Working Hours,Rel. Humidity [%]
330,Zone 3,59.483493042,Working Hours,Rel. Humidity [%]
331,Zone 3,59.5092894236,Working Hours,Rel. Humidity [%]
332,Zone 3,59.5660705566,Working Hours,Rel. Humidity [%]
333,Zone 3,59.4416236877,Working Hours,Rel. Humidity [%]
334,Zone 3,58.7316993713,Working Hours,Rel. Humidity [%]
335,Zone 3,58.9432404836,Working Hours,Rel. Humidity [%]
336,Zone 3,58.3732566834,Working Hours,Rel. Humidity [%]
337,Zone 3,58.0861679077,Working Hours,Rel. Humidity [%]
338,Zone 3,59.071546936,Working Hours,Rel. Humidity [%]
339,Zone 3,59.5442956289,Working Hours,Rel. Humidity [%]
340,Zone 3,59.5768058777,Working Hours,Rel. Humidity [%]
341,Zone 3,59.8187026978,Working Hours,Rel. Humidity [%]
342,Zone 3,59.1120824814,Working Hours,Rel. Humidity [%]
343,Zone 3,63.5043418884,Working Hours,Rel. Humidity [%]
344,Zone 3,63.6934158325,Working Hours,Rel. Humidity [%]
345,Zone 3,63.8564090729,Working Hours,Rel. Humidity [%]
346,Zone 3,63.4704193115,Working Hours,Rel. Humidity [%]
347,Zone 3,62.8112915039,Working Hours,Rel. Humidity [%]
348,Zone 3,63.1132558187,Working Hours,Rel. Humidity [%]
349,Zone 3,62.7626663208,Working Hours,Rel. Humidity [%]
350,Zone 3,62.6853345235,Working Hours,Rel. Humidity [%]
351,Zone 3,63.4166412354,Working Hours,Rel. Humidity [%]
352,Zone 3,63.1291001638,Working Hours,Rel. Humidity [%]
353,Zone 3,63.1095840454,Working Hours,Rel. Humidity [%]
354,Zone 3,63.0318514506,Working Hours,Rel. Humidity [%]
355,Zone 3,63.2002385457,Working Hours,Rel. Humidity [%]
356,Zone 3,63.0816772461,Working Hours,Rel. Humidity [%]
357,Zone 3,62.8919938406,Working Hours,Rel. Humidity [%]
358,Zone 3,62.9668292999,Working Hours,Rel. Humidity [%]
359,Zone 3,63.2633888245,Working Hours,Rel. Humidity [%]
360,Zone 3,62.6285508474,Working Hours,Rel. Humidity [%]
361,Zone 3,62.949458313,Working Hours,Rel. Humidity [%]
362,Zone 3,62.7533912659,Working Hours,Rel. Humidity [%]
363,Zone 3,62.613243103,Working Hours,Rel. Humidity [%]
364,Zone 3,62.5433540344,Working Hours,Rel. Humidity [%]
365,Zone 3,62.5977776846,Working Hours,Rel. Humidity [%]
366,Zone 3,63.1025352478,Working Hours,Rel. Humidity [%]
367,Zone 3,62.7841332753,Working Hours,Rel. Humidity [%]
368,Zone 3,62.9025741577,Working Hours,Rel. Humidity [%]
369,Zone 3,62.9730822245,Working Hours,Rel. Humidity [%]
370,Zone 3,63.0964347839,Working Hours,Rel. Humidity [%]
371,Zone 3,63.0530675252,Working Hours,Rel. Humidity [%]
372,Zone 3,63.0826797485,Working Hours,Rel. Humidity [%]
373,Zone 3,62.8051254272,Working Hours,Rel. Humidity [%]
374,Zone 3,62.9439671834,Working Hours,Rel. Humidity [%]
375,Zone 3,63.1077217102,Working Hours,Rel. Humidity [%]
376,Zone 3,63.0943571727,Working Hours,Rel. Humidity [%]
377,Zone 3,62.6505851746,Working Hours,Rel. Humidity [%]
378,Zone 3,62.327444458,Working Hours,Rel. Humidity [%]
379,Zone 3,62.4788837433,Working Hours,Rel. Humidity [%]
380,Zone 3,62.5394851685,Working Hours,Rel. Humidity [%]
381,Zone 3,62.7763608297,Working Hours,Rel. Humidity [%]
382,Zone 3,62.5291023255,Working Hours,Rel. Humidity [%]
383,Zone 3,62.6673416138,Working Hours,Rel. Humidity [%]
384,Zone 3,62.4558970133,Working Hours,Rel. Humidity [%]
385,Zone 3,62.6113891602,Working Hours,Rel. Humidity [%]
386,Zone 3,62.541368866,Working Hours,Rel. Humidity [%]
387,Zone 3,62.4509735107,Working Hours,Rel. Humidity [%]
388,Zone 3,62.6700920105,Working Hours,Rel. Humidity [%]
389,Zone 3,62.854593277,Working Hours,Rel. Humidity [%]
390,Zone 3,62.8367023468,Working Hours,Rel. Humidity [%]
391,Zone 3,63.4083404541,Working Hours,Rel. Humidity [%]
392,Zone 3,61.4437758128,Working Hours,Rel. Humidity [%]
393,Zone 3,61.3847381592,Working Hours,Rel. Humidity [%]
394,Zone 3,62.5054527283,Working Hours,Rel. Humidity [%]
395,Zone 3,62.3082572937,Working Hours,Rel. Humidity [%]
396,Zone 3,62.4354178111,Working Hours,Rel. Humidity [%]
397,Zone 3,61.6250320434,Working Hours,Rel. Humidity [%]
398,Zone 3,62.7593170166,Working Hours,Rel. Humidity [%]
399,Zone 3,61.9524642944,Working Hours,Rel. Humidity [%]
400,Zone 3,62.4986639023,Working Hours,Rel. Humidity [%]
401,Zone 3,61.9815261841,Working Hours,Rel. Humidity [%]
402,Zone 3,61.3771080017,Working Hours,Rel. Humidity [%]
403,Zone 3,62.2472858429,Working Hours,Rel. Humidity [%]
404,Zone 3,62.3954231262,Working Hours,Rel. Humidity [%]
405,Zone 3,61.3755317688,Working Hours,Rel. Humidity [%]
406,Zone 3,61.7308830261,Working Hours,Rel. Humidity [%]
407,Zone 3,61.9194688797,Working Hours,Rel. Humidity [%]
408,Zone 3,61.6555244446,Working Hours,Rel. Humidity [%]
409,Zone 3,61.7598503113,Working Hours,Rel. Humidity [%]
410,Zone 3,61.578037262,Working Hours,Rel. Humidity [%]
411,Zone 3,61.5644874573,Working Hours,Rel. Humidity [%]
412,Zone 3,61.5178894043,Working Hours,Rel. Humidity [%]
413,Zone 3,61.6412826538,Working Hours,Rel. Humidity [%]
414,Zone 3,61.3980072021,Working Hours,Rel. Humidity [%]
415,Zone 3,60.8297815323,Working Hours,Rel. Humidity [%]
416,Zone 3,60.3241271973,Working Hours,Rel. Humidity [%]
417,Zone 3,60.2945213318,Working Hours,Rel. Humidity [%]
418,Zone 3,61.001133728,Working Hours,Rel. Humidity [%]
419,Zone 3,61.0365333557,Working Hours,Rel. Humidity [%]
420,Zone 3,61.6473388672,Working Hours,Rel. Humidity [%]
421,Zone 3,60.6464141846,Working Hours,Rel. Humidity [%]
422,Zone 3,61.2007553101,Working Hours,Rel. Humidity [%]
423,Zone 3,60.4421043396,Working Hours,Rel. Humidity [%]
424,Zone 3,60.0575286865,Working Hours,Rel. Humidity [%]
425,Zone 3,59.9158714294,Working Hours,Rel. Humidity [%]
426,Zone 3,60.0020256042,Working Hours,Rel. Humidity [%]
427,Zone 3,60.7666412354,Working Hours,Rel. Humidity [%]
428,Zone 3,60.122581482,Working Hours,Rel. Humidity [%]
429,Zone 3,59.9239280701,Working Hours,Rel. Humidity [%]
430,Zone 3,59.6275306702,Working Hours,Rel. Humidity [%]
431,Zone 3,59.3831036886,Working Hours,Rel. Humidity [%]
432,Zone 3,59.9634536743,Working Hours,Rel. Humidity [%]
433,Zone 3,60.2713729858,Working Hours,Rel. Humidity [%]
434,Zone 3,59.5784511566,Working Hours,Rel. Humidity [%]
435,Zone 3,60.4976707458,Working Hours,Rel. Humidity [%]
436,Zone 3,60.8421829224,Working Hours,Rel. Humidity [%]
437,Zone 3,60.3929602305,Working Hours,Rel. Humidity [%]
438,Zone 3,60.4578521728,Working Hours,Rel. Humidity [%]
439,Zone 3,60.3070761363,Working Hours,Rel. Humidity [%]
440,Zone 3,60.8422142029,Working Hours,Rel. Humidity [%]
441,Zone 4,59.5891426086,Working Hours,Rel. Humidity [%]
442,Zone 4,59.7714897156,Working Hours,Rel. Humidity [%]
443,Zone 4,60.0831817627,Working Hours,Rel. Humidity [%]
444,Zone 4,59.6719825745,Working Hours,Rel. Humidity [%]
445,Zone 4,60.2437187195,Working Hours,Rel. Humidity [%]
446,Zone 4,60.6395057678,Working Hours,Rel. Humidity [%]
447,Zone 4,60.4967308044,Working Hours,Rel. Humidity [%]
448,Zone 4,60.2050651551,Working Hours,Rel. Humidity [%]
449,Zone 4,61.0999832153,Working Hours,Rel. Humidity [%]
450,Zone 4,60.5563440323,Working Hours,Rel. Humidity [%]
451,Zone 4,59.8926734924,Working Hours,Rel. Humidity [%]
452,Zone 4,60.5662326813,Working Hours,Rel. Humidity [%]
453,Zone 4,60.0962051392,Working Hours,Rel. Humidity [%]
454,Zone 4,60.7381904602,Working Hours,Rel. Humidity [%]
455,Zone 4,60.6907173157,Working Hours,Rel. Humidity [%]
456,Zone 4,60.0749862671,Working Hours,Rel. Humidity [%]
457,Zone 4,60.1869163513,Working Hours,Rel. Humidity [%]
458,Zone 4,60.2142570496,Working Hours,Rel. Humidity [%]
459,Zone 4,60.3279457092,Working Hours,Rel. Humidity [%]
460,Zone 4,60.7060897827,Working Hours,Rel. Humidity [%]
461,Zone 4,60.1651992798,Working Hours,Rel. Humidity [%]
462,Zone 4,60.0339196523,Working Hours,Rel. Humidity [%]
463,Zone 4,59.8626373291,Working Hours,Rel. Humidity [%]
464,Zone 4,60.8696685791,Working Hours,Rel. Humidity [%]
465,Zone 4,62.1656684876,Working Hours,Rel. Humidity [%]
466,Zone 4,62.550302124,Working Hours,Rel. Humidity [%]
467,Zone 4,62.2812675476,Working Hours,Rel. Humidity [%]
468,Zone 4,62.0138977051,Working Hours,Rel. Humidity [%]
469,Zone 4,61.682333374,Working Hours,Rel. Humidity [%]
470,Zone 4,61.7490287781,Working Hours,Rel. Humidity [%]
471,Zone 4,61.3391342163,Working Hours,Rel. Humidity [%]
472,Zone 4,61.2360427856,Working Hours,Rel. Humidity [%]
473,Zone 4,61.6929389953,Working Hours,Rel. Humidity [%]
474,Zone 4,61.0903587341,Working Hours,Rel. Humidity [%]
475,Zone 4,61.3718788147,Working Hours,Rel. Humidity [%]
476,Zone 4,61.6557769775,Working Hours,Rel. Humidity [%]
477,Zone 4,61.4262641907,Working Hours,Rel. Humidity [%]
478,Zone 4,61.628855896,Working Hours,Rel. Humidity [%]
479,Zone 4,61.8421913147,Working Hours,Rel. Humidity [%]
480,Zone 4,61.4257144928,Working Hours,Rel. Humidity [%]
481,Zone 4,61.5188873291,Working Hours,Rel. Humidity [%]
482,Zone 4,61.7000717163,Working Hours,Rel. Humidity [%]
483,Zone 4,61.4772926331,Working Hours,Rel. Humidity [%]
484,Zone 4,61.1380316417,Working Hours,Rel. Humidity [%]
485,Zone 4,61.49538517,Working Hours,Rel. Humidity [%]
486,Zone 4,62.4789459228,Working Hours,Rel. Humidity [%]
487,Zone 4,62.8312866211,Working Hours,Rel. Humidity [%]
488,Zone 4,62.7621714274,Working Hours,Rel. Humidity [%]
489,Zone 4,62.4187408447,Working Hours,Rel. Humidity [%]
490,Zone 4,65.2984771728,Working Hours,Rel. Humidity [%]
491,Zone 4,65.120107015,Working Hours,Rel. Humidity [%]
492,Zone 4,65.6046859741,Working Hours,Rel. Humidity [%]
493,Zone 4,65.3529383341,Working Hours,Rel. Humidity [%]
494,Zone 4,64.8239776611,Working Hours,Rel. Humidity [%]
495,Zone 4,64.3560134888,Working Hours,Rel. Humidity [%]
496,Zone 4,64.6481246948,Working Hours,Rel. Humidity [%]
497,Zone 4,64.6821044922,Working Hours,Rel. Humidity [%]
498,Zone 4,64.825319926,Working Hours,Rel. Humidity [%]
499,Zone 4,64.6684310913,Working Hours,Rel. Humidity [%]
500,Zone 4,65.0266456604,Working Hours,Rel. Humidity [%]
501,Zone 4,64.7924285889,Working Hours,Rel. Humidity [%]
502,Zone 4,64.6099573771,Working Hours,Rel. Humidity [%]
503,Zone 4,64.997051239,Working Hours,Rel. Humidity [%]
504,Zone 4,64.9200897217,Working Hours,Rel. Humidity [%]
505,Zone 4,64.8914553325,Working Hours,Rel. Humidity [%]
506,Zone 4,64.829788208,Working Hours,Rel. Humidity [%]
507,Zone 4,64.8574157715,Working Hours,Rel. Humidity [%]
508,Zone 4,64.7283070883,Working Hours,Rel. Humidity [%]
509,Zone 4,64.6356185913,Working Hours,Rel. Humidity [%]
510,Zone 4,64.677415212,Working Hours,Rel. Humidity [%]
511,Zone 4,64.6203338623,Working Hours,Rel. Humidity [%]
512,Zone 4,64.9644762675,Working Hours,Rel. Humidity [%]
513,Zone 4,64.9407221476,Working Hours,Rel. Humidity [%]
514,Zone 4,64.8098419189,Working Hours,Rel. Humidity [%]
515,Zone 4,65.0313148499,Working Hours,Rel. Humidity [%]
516,Zone 4,65.090687561,Working Hours,Rel. Humidity [%]
517,Zone 4,65.1451810201,Working Hours,Rel. Humidity [%]
518,Zone 4,65.0057022095,Working Hours,Rel. Humidity [%]
519,Zone 4,65.0357844035,Working Hours,Rel. Humidity [%]
520,Zone 4,65.1599413554,Working Hours,Rel. Humidity [%]
521,Zone 4,65.6241226196,Working Hours,Rel. Humidity [%]
522,Zone 4,65.2469139099,Working Hours,Rel. Humidity [%]
523,Zone 4,65.2050842285,Working Hours,Rel. Humidity [%]
524,Zone 4,64.9901771545,Working Hours,Rel. Humidity [%]
525,Zone 4,64.7939186096,Working Hours,Rel. Humidity [%]
526,Zone 4,64.7370010376,Working Hours,Rel. Humidity [%]
527,Zone 4,64.9117914836,Working Hours,Rel. Humidity [%]
528,Zone 4,64.8593170166,Working Hours,Rel. Humidity [%]
529,Zone 4,65.1943918864,Working Hours,Rel. Humidity [%]
530,Zone 4,65.1975135803,Working Hours,Rel. Humidity [%]
531,Zone 4,65.2806381226,Working Hours,Rel. Humidity [%]
532,Zone 4,64.6913655599,Working Hours,Rel. Humidity [%]
533,Zone 4,64.8753598531,Working Hours,Rel. Humidity [%]
534,Zone 4,64.9172210693,Working Hours,Rel. Humidity [%]
535,Zone 4,64.9702860514,Working Hours,Rel. Humidity [%]
536,Zone 4,65.0175613403,Working Hours,Rel. Humidity [%]
537,Zone 4,65.2117767334,Working Hours,Rel. Humidity [%]
538,Zone 4,65.8574345907,Working Hours,Rel. Humidity [%]
539,Zone 4,62.6301521301,Working Hours,Rel. Humidity [%]
540,Zone 4,62.4512233734,Working Hours,Rel. Humidity [%]
541,Zone 4,62.5457794189,Working Hours,Rel. Humidity [%]
542,Zone 4,62.4294448852,Working Hours,Rel. Humidity [%]
543,Zone 4,62.7705032349,Working Hours,Rel. Humidity [%]
544,Zone 4,62.3620109558,Working Hours,Rel. Humidity [%]
545,Zone 4,62.6216033936,Working Hours,Rel. Humidity [%]
546,Zone 4,62.5157356262,Working Hours,Rel. Humidity [%]
547,Zone 4,62.1050958634,Working Hours,Rel. Humidity [%]
548,Zone 4,62.1333564758,Working Hours,Rel. Humidity [%]
549,Zone 4,62.5672042847,Working Hours,Rel. Humidity [%]
550,Zone 4,61.7931762695,Working Hours,Rel. Humidity [%]
551,Zone 4,61.7204504013,Working Hours,Rel. Humidity [%]
552,Zone 4,61.6700584412,Working Hours,Rel. Humidity [%]
553,Zone 4,61.5593902588,Working Hours,Rel. Humidity [%]
554,Zone 4,62.0269721985,Working Hours,Rel. Humidity [%]
555,Zone 4,61.4476409912,Working Hours,Rel. Humidity [%]
556,Zone 4,61.6125297546,Working Hours,Rel. Humidity [%]
557,Zone 4,61.2758111954,Working Hours,Rel. Humidity [%]
558,Zone 4,61.3496322632,Working Hours,Rel. Humidity [%]
559,Zone 4,62.1047782898,Working Hours,Rel. Humidity [%]
560,Zone 4,62.2891555786,Working Hours,Rel. Humidity [%]
561,Zone 4,61.9211387634,Working Hours,Rel. Humidity [%]
562,Zone 4,61.721736145,Working Hours,Rel. Humidity [%]
563,Zone 4,61.8818374634,Working Hours,Rel. Humidity [%]
564,Zone 4,61.4817771912,Working Hours,Rel. Humidity [%]
565,Zone 4,61.6390357971,Working Hours,Rel. Humidity [%]
566,Zone 4,61.6399040222,Working Hours,Rel. Humidity [%]
567,Zone 4,61.8550498962,Working Hours,Rel. Humidity [%]
568,Zone 4,62.1957450867,Working Hours,Rel. Humidity [%]
569,Zone 4,61.9120376587,Working Hours,Rel. Humidity [%]
570,Zone 4,61.5011451721,Working Hours,Rel. Humidity [%]
571,Zone 4,61.8438407898,Working Hours,Rel. Humidity [%]
572,Zone 4,61.656855011,Working Hours,Rel. Humidity [%]
573,Zone 4,61.8083908081,Working Hours,Rel. Humidity [%]
574,Zone 4,61.6250495911,Working Hours,Rel. Humidity [%]
575,Zone 4,61.5566299439,Working Hours,Rel. Humidity [%]
576,Zone 4,61.8615257263,Working Hours,Rel. Humidity [%]
577,Zone 4,61.5250072479,Working Hours,Rel. Humidity [%]
578,Zone 4,62.2561218262,Working Hours,Rel. Humidity [%]
579,Zone 4,61.6643234253,Working Hours,Rel. Humidity [%]
580,Zone 4,61.8893839518,Working Hours,Rel. Humidity [%]
581,Zone 4,61.7533416748,Working Hours,Rel. Humidity [%]
582,Zone 4,61.7121696472,Working Hours,Rel. Humidity [%]
583,Zone 4,62.246079127,Working Hours,Rel. Humidity [%]
584,Zone 4,62.3447631836,Working Hours,Rel. Humidity [%]
585,Zone 4,61.9460398356,Working Hours,Rel. Humidity [%]
586,Zone 4,61.5386253357,Working Hours,Rel. Humidity [%]
587,Zone 4,61.8562538147,Working Hours,Rel. Humidity [%]
588,Zone 5,57.0199996948,Working Hours,Rel. Humidity [%]
589,Zone 5,57.3400009155,Working Hours,Rel. Humidity [%]
590,Zone 5,57.3600006104,Working Hours,Rel. Humidity [%]
591,Zone 5,57.0999997457,Working Hours,Rel. Humidity [%]
592,Zone 5,57.3250007629,Working Hours,Rel. Humidity [%]
593,Zone 5,57.6199989319,Working Hours,Rel. Humidity [%]
594,Zone 5,57.7333329519,Working Hours,Rel. Humidity [%]
595,Zone 5,58.0400001526,Working Hours,Rel. Humidity [%]
596,Zone 5,58.1599998474,Working Hours,Rel. Humidity [%]
597,Zone 5,58.2800003052,Working Hours,Rel. Humidity [%]
598,Zone 5,58.4800003052,Working Hours,Rel. Humidity [%]
599,Zone 5,58.8200004578,Working Hours,Rel. Humidity [%]
600,Zone 5,58.8999992371,Working Hours,Rel. Humidity [%]
601,Zone 5,59.1599998474,Working Hours,Rel. Humidity [%]
602,Zone 5,59.3800010681,Working Hours,Rel. Humidity [%]
603,Zone 5,59.2666664124,Working Hours,Rel. Humidity [%]
604,Zone 5,59.2400001526,Working Hours,Rel. Humidity [%]
605,Zone 5,59.400000763,Working Hours,Rel. Humidity [%]
606,Zone 5,59.5800003052,Working Hours,Rel. Humidity [%]
607,Zone 5,59.9333337148,Working Hours,Rel. Humidity [%]
608,Zone 5,61.1600006103,Working Hours,Rel. Humidity [%]
609,Zone 5,61.3,Working Hours,Rel. Humidity [%]
610,Zone 5,61.3600006103,Working Hours,Rel. Humidity [%]
611,Zone 5,61.2,Working Hours,Rel. Humidity [%]
612,Zone 5,61.1800003052,Working Hours,Rel. Humidity [%]
613,Zone 5,61.0199996948,Working Hours,Rel. Humidity [%]
614,Zone 5,60.6199996948,Working Hours,Rel. Humidity [%]
615,Zone 5,60.1999994914,Working Hours,Rel. Humidity [%]
616,Zone 5,60.4199996948,Working Hours,Rel. Humidity [%]
617,Zone 5,61.0800003052,Working Hours,Rel. Humidity [%]
618,Zone 5,60.1799995422,Working Hours,Rel. Humidity [%]
619,Zone 5,60.8400001526,Working Hours,Rel. Humidity [%]
620,Zone 5,61.2250003815,Working Hours,Rel. Humidity [%]
621,Zone 5,61.5600006104,Working Hours,Rel. Humidity [%]
622,Zone 5,62.4599998474,Working Hours,Rel. Humidity [%]
623,Zone 5,62.5799995422,Working Hours,Rel. Humidity [%]
624,Zone 5,62.7800003051,Working Hours,Rel. Humidity [%]
625,Zone 5,62.9799995423,Working Hours,Rel. Humidity [%]
626,Zone 5,63.3200004578,Working Hours,Rel. Humidity [%]
627,Zone 5,63.2500006358,Working Hours,Rel. Humidity [%]
628,Zone 5,62.9799987793,Working Hours,Rel. Humidity [%]
629,Zone 5,62.7400001526,Working Hours,Rel. Humidity [%]
630,Zone 5,62.3333326975,Working Hours,Rel. Humidity [%]
631,Zone 5,61.9200004578,Working Hours,Rel. Humidity [%]
632,Zone 5,62.7,Working Hours,Rel. Humidity [%]
633,Zone 5,63.7200004578,Working Hours,Rel. Humidity [%]
634,Zone 5,63.3666674296,Working Hours,Rel. Humidity [%]
635,Zone 5,63.3999989828,Working Hours,Rel. Humidity [%]
636,Zone 5,63.1250009537,Working Hours,Rel. Humidity [%]
637,Zone 5,58.5666662852,Working Hours,Rel. Humidity [%]
638,Zone 5,58.7599998474,Working Hours,Rel. Humidity [%]
639,Zone 5,59.7333323161,Working Hours,Rel. Humidity [%]
640,Zone 5,59.4800003052,Working Hours,Rel. Humidity [%]
641,Zone 5,58.9800003052,Working Hours,Rel. Humidity [%]
642,Zone 5,58.9500001271,Working Hours,Rel. Humidity [%]
643,Zone 5,59.0199996948,Working Hours,Rel. Humidity [%]
644,Zone 5,59.0666662852,Working Hours,Rel. Humidity [%]
645,Zone 5,59.5400001526,Working Hours,Rel. Humidity [%]
646,Zone 5,59.8,Working Hours,Rel. Humidity [%]
647,Zone 5,60.0166670481,Working Hours,Rel. Humidity [%]
648,Zone 5,60.0166664123,Working Hours,Rel. Humidity [%]
649,Zone 5,60.2000007629,Working Hours,Rel. Humidity [%]
650,Zone 5,60.5500005087,Working Hours,Rel. Humidity [%]
651,Zone 5,60.7833334605,Working Hours,Rel. Humidity [%]
652,Zone 5,61.1000007629,Working Hours,Rel. Humidity [%]
653,Zone 5,61.1500002543,Working Hours,Rel. Humidity [%]
654,Zone 5,61.0399993896,Working Hours,Rel. Humidity [%]
655,Zone 5,61.1333332062,Working Hours,Rel. Humidity [%]
656,Zone 5,61.0199996948,Working Hours,Rel. Humidity [%]
657,Zone 5,61.366666158,Working Hours,Rel. Humidity [%]
658,Zone 5,61.6666660309,Working Hours,Rel. Humidity [%]
659,Zone 5,61.5599990845,Working Hours,Rel. Humidity [%]
660,Zone 5,61.4666665395,Working Hours,Rel. Humidity [%]
661,Zone 5,61.7800003052,Working Hours,Rel. Humidity [%]
662,Zone 5,62.2333335876,Working Hours,Rel. Humidity [%]
663,Zone 5,62.433333079,Working Hours,Rel. Humidity [%]
664,Zone 5,62.4000007629,Working Hours,Rel. Humidity [%]
665,Zone 5,62.7333329519,Working Hours,Rel. Humidity [%]
666,Zone 5,62.8200004578,Working Hours,Rel. Humidity [%]
667,Zone 5,62.8000005086,Working Hours,Rel. Humidity [%]
668,Zone 5,62.9800003052,Working Hours,Rel. Humidity [%]
669,Zone 5,63.0000006358,Working Hours,Rel. Humidity [%]
670,Zone 5,63.0833326975,Working Hours,Rel. Humidity [%]
671,Zone 5,63.1799995422,Working Hours,Rel. Humidity [%]
672,Zone 5,62.9833342234,Working Hours,Rel. Humidity [%]
673,Zone 5,62.8000005086,Working Hours,Rel. Humidity [%]
674,Zone 5,62.6399993896,Working Hours,Rel. Humidity [%]
675,Zone 5,62.4166673024,Working Hours,Rel. Humidity [%]
676,Zone 5,62.4400009155,Working Hours,Rel. Humidity [%]
677,Zone 5,62.2833328247,Working Hours,Rel. Humidity [%]
678,Zone 5,61.8666674296,Working Hours,Rel. Humidity [%]
679,Zone 5,61.7599998474,Working Hours,Rel. Humidity [%]
680,Zone 5,61.5833333333,Working Hours,Rel. Humidity [%]
681,Zone 5,61.5599998474,Working Hours,Rel. Humidity [%]
682,Zone 5,61.6833324432,Working Hours,Rel. Humidity [%]
683,Zone 5,61.9500007629,Working Hours,Rel. Humidity [%]
684,Zone 5,61.9199996948,Working Hours,Rel. Humidity [%]
685,Zone 5,62.566666921,Working Hours,Rel. Humidity [%]
686,Zone 5,58.3166675567,Working Hours,Rel. Humidity [%]
687,Zone 5,58.7800003052,Working Hours,Rel. Humidity [%]
688,Zone 5,59.4799995422,Working Hours,Rel. Humidity [%]
689,Zone 5,60.2399993897,Working Hours,Rel. Humidity [%]
690,Zone 5,59.7400001526,Working Hours,Rel. Humidity [%]
691,Zone 5,59.9800003052,Working Hours,Rel. Humidity [%]
692,Zone 5,60.5,Working Hours,Rel. Humidity [%]
693,Zone 5,60.6199989319,Working Hours,Rel. Humidity [%]
694,Zone 5,59.9599998474,Working Hours,Rel. Humidity [%]
695,Zone 5,60.1200004578,Working Hours,Rel. Humidity [%]
696,Zone 5,60.0200004578,Working Hours,Rel. Humidity [%]
697,Zone 5,60.0199996948,Working Hours,Rel. Humidity [%]
698,Zone 5,60.8199996948,Working Hours,Rel. Humidity [%]
699,Zone 5,61.6249990463,Working Hours,Rel. Humidity [%]
700,Zone 5,61.8199996948,Working Hours,Rel. Humidity [%]
701,Zone 5,61.0400001526,Working Hours,Rel. Humidity [%]
702,Zone 5,61.0199996948,Working Hours,Rel. Humidity [%]
703,Zone 5,61.4,Working Hours,Rel. Humidity [%]
704,Zone 5,63.1600006104,Working Hours,Rel. Humidity [%]
705,Zone 5,63.3800003052,Working Hours,Rel. Humidity [%]
706,Zone 5,62.1799995422,Working Hours,Rel. Humidity [%]
707,Zone 5,61.7749996185,Working Hours,Rel. Humidity [%]
708,Zone 5,61.4799995422,Working Hours,Rel. Humidity [%]
709,Zone 5,60.8600006104,Working Hours,Rel. Humidity [%]
710,Zone 5,61.3800003052,Working Hours,Rel. Humidity [%]
711,Zone 5,62.3400001526,Working Hours,Rel. Humidity [%]
712,Zone 5,62.8600006103,Working Hours,Rel. Humidity [%]
713,Zone 5,62.9599998474,Working Hours,Rel. Humidity [%]
714,Zone 5,63.7,Working Hours,Rel. Humidity [%]
715,Zone 5,63.4800003052,Working Hours,Rel. Humidity [%]
716,Zone 5,63.4199996948,Working Hours,Rel. Humidity [%]
717,Zone 5,63.4799995422,Working Hours,Rel. Humidity [%]
718,Zone 5,62.9750003815,Working Hours,Rel. Humidity [%]
719,Zone 5,62.6499996185,Working Hours,Rel. Humidity [%]
720,Zone 5,63.2250003815,Working Hours,Rel. Humidity [%]
721,Zone 5,63.8799995422,Working Hours,Rel. Humidity [%]
722,Zone 5,63.9833335877,Working Hours,Rel. Humidity [%]
723,Zone 5,63.7599998474,Working Hours,Rel. Humidity [%]
724,Zone 5,63.1599998474,Working Hours,Rel. Humidity [%]
725,Zone 5,63.8200004578,Working Hours,Rel. Humidity [%]
726,Zone 5,64.183333079,Working Hours,Rel. Humidity [%]
727,Zone 5,64.4,Working Hours,Rel. Humidity [%]
728,Zone 5,63.8599998474,Working Hours,Rel. Humidity [%]
729,Zone 5,63.2333335876,Working Hours,Rel. Humidity [%]
730,Zone 5,64.4399993896,Working Hours,Rel. Humidity [%]
731,Zone 5,64.5400009155,Working Hours,Rel. Humidity [%]
732,Zone 5,64.1500002543,Working Hours,Rel. Humidity [%]
733,Zone 5,63.2400001526,Working Hours,Rel. Humidity [%]
734,Zone 5,62.9833335876,Working Hours,Rel. Humidity [%]
0,Zone 1,61.1321632385,Non-working Hours,Rel. Humidity [%]
1,Zone 1,61.2716346741,Non-working Hours,Rel. Humidity [%]
2,Zone 1,61.33908844,Non-working Hours,Rel. Humidity [%]
3,Zone 1,61.3761196136,Non-working Hours,Rel. Humidity [%]
4,Zone 1,61.4245925903,Non-working Hours,Rel. Humidity [%]
5,Zone 1,61.5020324707,Non-working Hours,Rel. Humidity [%]
6,Zone 1,61.6714523316,Non-working Hours,Rel. Humidity [%]
7,Zone 1,61.6553283691,Non-working Hours,Rel. Humidity [%]
8,Zone 1,61.6956565857,Non-working Hours,Rel. Humidity [%]
9,Zone 1,61.7346862793,Non-working Hours,Rel. Humidity [%]
10,Zone 1,61.7537208557,Non-working Hours,Rel. Humidity [%]
11,Zone 1,61.8495056152,Non-working Hours,Rel. Humidity [%]
12,Zone 1,61.7908409119,Non-working Hours,Rel. Humidity [%]
13,Zone 1,61.9936721802,Non-working Hours,Rel. Humidity [%]
14,Zone 1,61.9414985657,Non-working Hours,Rel. Humidity [%]
15,Zone 1,62.1365203858,Non-working Hours,Rel. Humidity [%]
16,Zone 1,62.1822998047,Non-working Hours,Rel. Humidity [%]
17,Zone 1,62.2805488586,Non-working Hours,Rel. Humidity [%]
18,Zone 1,62.335395813,Non-working Hours,Rel. Humidity [%]
19,Zone 1,62.5227325439,Non-working Hours,Rel. Humidity [%]
20,Zone 1,62.6575721741,Non-working Hours,Rel. Humidity [%]
21,Zone 1,62.6213478088,Non-working Hours,Rel. Humidity [%]
22,Zone 1,62.754510498,Non-working Hours,Rel. Humidity [%]
23,Zone 1,62.8237190247,Non-working Hours,Rel. Humidity [%]
24,Zone 1,62.8048538208,Non-working Hours,Rel. Humidity [%]
25,Zone 1,62.8150110245,Non-working Hours,Rel. Humidity [%]
26,Zone 1,62.9676612854,Non-working Hours,Rel. Humidity [%]
27,Zone 1,62.9181419373,Non-working Hours,Rel. Humidity [%]
28,Zone 1,63.1384841919,Non-working Hours,Rel. Humidity [%]
29,Zone 1,63.3050819397,Non-working Hours,Rel. Humidity [%]
30,Zone 1,63.2854515076,Non-working Hours,Rel. Humidity [%]
31,Zone 1,63.5614509583,Non-working Hours,Rel. Humidity [%]
32,Zone 1,63.4946380615,Non-working Hours,Rel. Humidity [%]
33,Zone 1,63.5669631958,Non-working Hours,Rel. Humidity [%]
34,Zone 1,63.7482032776,Non-working Hours,Rel. Humidity [%]
35,Zone 1,63.8212440491,Non-working Hours,Rel. Humidity [%]
36,Zone 1,64.0296455384,Non-working Hours,Rel. Humidity [%]
37,Zone 1,60.6681989034,Non-working Hours,Rel. Humidity [%]
38,Zone 1,60.6798370362,Non-working Hours,Rel. Humidity [%]
39,Zone 1,60.7539755503,Non-working Hours,Rel. Humidity [%]
40,Zone 1,60.7932304382,Non-working Hours,Rel. Humidity [%]
41,Zone 1,61.0742359161,Non-working Hours,Rel. Humidity [%]
42,Zone 1,61.0332344055,Non-working Hours,Rel. Humidity [%]
43,Zone 1,61.2095046997,Non-working Hours,Rel. Humidity [%]
44,Zone 1,61.5381202698,Non-working Hours,Rel. Humidity [%]
45,Zone 1,61.7690231323,Non-working Hours,Rel. Humidity [%]
46,Zone 1,61.9197012583,Non-working Hours,Rel. Humidity [%]
47,Zone 1,61.8863571167,Non-working Hours,Rel. Humidity [%]
48,Zone 1,62.1476898193,Non-working Hours,Rel. Humidity [%]
49,Zone 1,62.1969057719,Non-working Hours,Rel. Humidity [%]
50,Zone 1,63.8203748067,Non-working Hours,Rel. Humidity [%]
51,Zone 1,64.1811567943,Non-working Hours,Rel. Humidity [%]
52,Zone 1,64.5109222412,Non-working Hours,Rel. Humidity [%]
53,Zone 1,64.4533500671,Non-working Hours,Rel. Humidity [%]
54,Zone 1,64.6889282227,Non-working Hours,Rel. Humidity [%]
55,Zone 1,64.7924156189,Non-working Hours,Rel. Humidity [%]
56,Zone 1,64.9197845459,Non-working Hours,Rel. Humidity [%]
57,Zone 1,65.0922444661,Non-working Hours,Rel. Humidity [%]
58,Zone 1,65.0533370972,Non-working Hours,Rel. Humidity [%]
59,Zone 1,65.1822402954,Non-working Hours,Rel. Humidity [%]
60,Zone 1,65.1519711812,Non-working Hours,Rel. Humidity [%]
61,Zone 1,65.2596359253,Non-working Hours,Rel. Humidity [%]
62,Zone 1,65.203028361,Non-working Hours,Rel. Humidity [%]
63,Zone 1,65.0922749837,Non-working Hours,Rel. Humidity [%]
64,Zone 1,65.1962783813,Non-working Hours,Rel. Humidity [%]
65,Zone 1,65.3107238769,Non-working Hours,Rel. Humidity [%]
66,Zone 1,65.2436447144,Non-working Hours,Rel. Humidity [%]
67,Zone 1,65.2210464477,Non-working Hours,Rel. Humidity [%]
68,Zone 1,65.3393580119,Non-working Hours,Rel. Humidity [%]
69,Zone 1,65.4388898214,Non-working Hours,Rel. Humidity [%]
70,Zone 1,65.5017425537,Non-working Hours,Rel. Humidity [%]
71,Zone 1,65.6590868632,Non-working Hours,Rel. Humidity [%]
72,Zone 1,65.7476898193,Non-working Hours,Rel. Humidity [%]
73,Zone 1,65.7104733785,Non-working Hours,Rel. Humidity [%]
74,Zone 1,65.8070602417,Non-working Hours,Rel. Humidity [%]
75,Zone 1,65.7666381836,Non-working Hours,Rel. Humidity [%]
76,Zone 1,65.7850901286,Non-working Hours,Rel. Humidity [%]
77,Zone 1,65.8629196167,Non-working Hours,Rel. Humidity [%]
78,Zone 1,65.9519004822,Non-working Hours,Rel. Humidity [%]
79,Zone 1,66.1653849284,Non-working Hours,Rel. Humidity [%]
80,Zone 1,66.2948623657,Non-working Hours,Rel. Humidity [%]
81,Zone 1,66.2773513794,Non-working Hours,Rel. Humidity [%]
82,Zone 1,66.3434570312,Non-working Hours,Rel. Humidity [%]
83,Zone 1,66.5202039083,Non-working Hours,Rel. Humidity [%]
84,Zone 1,66.6294835409,Non-working Hours,Rel. Humidity [%]
85,Zone 1,66.7231719971,Non-working Hours,Rel. Humidity [%]
86,Zone 1,66.7728246053,Non-working Hours,Rel. Humidity [%]
87,Zone 1,62.0955441793,Non-working Hours,Rel. Humidity [%]
88,Zone 1,62.2702972412,Non-working Hours,Rel. Humidity [%]
89,Zone 1,62.5868326823,Non-working Hours,Rel. Humidity [%]
90,Zone 1,62.7471618652,Non-working Hours,Rel. Humidity [%]
91,Zone 1,62.9978340149,Non-working Hours,Rel. Humidity [%]
92,Zone 1,63.113266627,Non-working Hours,Rel. Humidity [%]
93,Zone 1,63.3616065979,Non-working Hours,Rel. Humidity [%]
94,Zone 1,63.7702058157,Non-working Hours,Rel. Humidity [%]
95,Zone 1,64.0821215312,Non-working Hours,Rel. Humidity [%]
96,Zone 1,64.1860366821,Non-working Hours,Rel. Humidity [%]
97,Zone 1,64.1875127157,Non-working Hours,Rel. Humidity [%]
98,Zone 1,64.0792060852,Non-working Hours,Rel. Humidity [%]
99,Zone 1,64.0924339294,Non-working Hours,Rel. Humidity [%]
100,Zone 1,64.9628931681,Non-working Hours,Rel. Humidity [%]
101,Zone 1,65.0687377929,Non-working Hours,Rel. Humidity [%]
102,Zone 1,65.1592165629,Non-working Hours,Rel. Humidity [%]
103,Zone 1,65.2710660299,Non-working Hours,Rel. Humidity [%]
104,Zone 1,65.3875305176,Non-working Hours,Rel. Humidity [%]
105,Zone 1,65.5668780009,Non-working Hours,Rel. Humidity [%]
106,Zone 1,65.7623535156,Non-working Hours,Rel. Humidity [%]
107,Zone 1,65.7717870076,Non-working Hours,Rel. Humidity [%]
108,Zone 1,65.7819811503,Non-working Hours,Rel. Humidity [%]
109,Zone 1,65.8979598999,Non-working Hours,Rel. Humidity [%]
110,Zone 1,66.0181948344,Non-working Hours,Rel. Humidity [%]
111,Zone 1,66.2008018494,Non-working Hours,Rel. Humidity [%]
112,Zone 1,66.233555603,Non-working Hours,Rel. Humidity [%]
113,Zone 1,66.1849212646,Non-working Hours,Rel. Humidity [%]
114,Zone 1,66.1608474731,Non-working Hours,Rel. Humidity [%]
115,Zone 1,66.2059427897,Non-working Hours,Rel. Humidity [%]
116,Zone 1,66.5414619445,Non-working Hours,Rel. Humidity [%]
117,Zone 1,66.5372665405,Non-working Hours,Rel. Humidity [%]
118,Zone 1,66.6411705017,Non-working Hours,Rel. Humidity [%]
119,Zone 1,67.0239196777,Non-working Hours,Rel. Humidity [%]
120,Zone 1,66.9469744364,Non-working Hours,Rel. Humidity [%]
121,Zone 1,66.9342053731,Non-working Hours,Rel. Humidity [%]
122,Zone 1,66.9753875732,Non-working Hours,Rel. Humidity [%]
123,Zone 1,66.9343935649,Non-working Hours,Rel. Humidity [%]
124,Zone 1,67.05712382,Non-working Hours,Rel. Humidity [%]
125,Zone 1,67.0503189087,Non-working Hours,Rel. Humidity [%]
126,Zone 1,67.0848274231,Non-working Hours,Rel. Humidity [%]
127,Zone 1,67.1384862264,Non-working Hours,Rel. Humidity [%]
128,Zone 1,67.1953689575,Non-working Hours,Rel. Humidity [%]
129,Zone 1,67.3024253845,Non-working Hours,Rel. Humidity [%]
130,Zone 1,67.3043731689,Non-working Hours,Rel. Humidity [%]
131,Zone 1,67.256652832,Non-working Hours,Rel. Humidity [%]
132,Zone 1,67.3631057739,Non-working Hours,Rel. Humidity [%]
133,Zone 1,67.4603042602,Non-working Hours,Rel. Humidity [%]
134,Zone 1,67.4718564352,Non-working Hours,Rel. Humidity [%]
135,Zone 1,67.6052805583,Non-working Hours,Rel. Humidity [%]
136,Zone 1,67.6338867187,Non-working Hours,Rel. Humidity [%]
137,Zone 1,59.4861915588,Non-working Hours,Rel. Humidity [%]
138,Zone 1,59.4665972391,Non-working Hours,Rel. Humidity [%]
139,Zone 1,59.9298912049,Non-working Hours,Rel. Humidity [%]
140,Zone 1,60.0872650146,Non-working Hours,Rel. Humidity [%]
141,Zone 1,60.3682342529,Non-working Hours,Rel. Humidity [%]
142,Zone 1,60.2402814229,Non-working Hours,Rel. Humidity [%]
143,Zone 1,60.6675956726,Non-working Hours,Rel. Humidity [%]
144,Zone 1,60.8304519654,Non-working Hours,Rel. Humidity [%]
145,Zone 1,60.8713180542,Non-working Hours,Rel. Humidity [%]
146,Zone 1,60.9224809011,Non-working Hours,Rel. Humidity [%]
147,Zone 1,61.1523979187,Non-working Hours,Rel. Humidity [%]
148,Zone 1,61.4744094849,Non-working Hours,Rel. Humidity [%]
149,Zone 1,61.4525123596,Non-working Hours,Rel. Humidity [%]
150,Zone 2,63.4227790833,Non-working Hours,Rel. Humidity [%]
151,Zone 2,63.8278633118,Non-working Hours,Rel. Humidity [%]
152,Zone 2,63.9450637817,Non-working Hours,Rel. Humidity [%]
153,Zone 2,63.6516441345,Non-working Hours,Rel. Humidity [%]
154,Zone 2,63.1281852722,Non-working Hours,Rel. Humidity [%]
155,Zone 2,64.131010437,Non-working Hours,Rel. Humidity [%]
156,Zone 2,64.1851371765,Non-working Hours,Rel. Humidity [%]
157,Zone 2,63.8980010986,Non-working Hours,Rel. Humidity [%]
158,Zone 2,64.281892395,Non-working Hours,Rel. Humidity [%]
159,Zone 2,64.3358177185,Non-working Hours,Rel. Humidity [%]
160,Zone 2,64.3486724854,Non-working Hours,Rel. Humidity [%]
161,Zone 2,64.3846221924,Non-working Hours,Rel. Humidity [%]
162,Zone 2,64.2251823426,Non-working Hours,Rel. Humidity [%]
163,Zone 2,64.4148803711,Non-working Hours,Rel. Humidity [%]
164,Zone 2,64.3048202515,Non-working Hours,Rel. Humidity [%]
165,Zone 2,64.737411499,Non-working Hours,Rel. Humidity [%]
166,Zone 2,64.488269043,Non-working Hours,Rel. Humidity [%]
167,Zone 2,63.3817962646,Non-working Hours,Rel. Humidity [%]
168,Zone 2,63.4106658935,Non-working Hours,Rel. Humidity [%]
169,Zone 2,62.7791564941,Non-working Hours,Rel. Humidity [%]
170,Zone 2,63.3030944824,Non-working Hours,Rel. Humidity [%]
171,Zone 2,63.8775344849,Non-working Hours,Rel. Humidity [%]
172,Zone 2,63.9604171753,Non-working Hours,Rel. Humidity [%]
173,Zone 2,64.0996505737,Non-working Hours,Rel. Humidity [%]
174,Zone 2,63.7480957031,Non-working Hours,Rel. Humidity [%]
175,Zone 2,64.5743103027,Non-working Hours,Rel. Humidity [%]
176,Zone 2,64.4786064148,Non-working Hours,Rel. Humidity [%]
177,Zone 2,64.4031997681,Non-working Hours,Rel. Humidity [%]
178,Zone 2,64.870085144,Non-working Hours,Rel. Humidity [%]
179,Zone 2,64.223690033,Non-working Hours,Rel. Humidity [%]
180,Zone 2,63.5388320923,Non-working Hours,Rel. Humidity [%]
181,Zone 2,64.4557144165,Non-working Hours,Rel. Humidity [%]
182,Zone 2,64.7331726074,Non-working Hours,Rel. Humidity [%]
183,Zone 2,64.83981781,Non-working Hours,Rel. Humidity [%]
184,Zone 2,64.4656158447,Non-working Hours,Rel. Humidity [%]
185,Zone 2,64.0751350403,Non-working Hours,Rel. Humidity [%]
186,Zone 2,64.5189285278,Non-working Hours,Rel. Humidity [%]
187,Zone 2,62.8293769836,Non-working Hours,Rel. Humidity [%]
188,Zone 2,62.6431496938,Non-working Hours,Rel. Humidity [%]
189,Zone 2,62.128855896,Non-working Hours,Rel. Humidity [%]
190,Zone 2,61.2355855306,Non-working Hours,Rel. Humidity [%]
191,Zone 2,61.0223388672,Non-working Hours,Rel. Humidity [%]
192,Zone 2,60.7326831817,Non-working Hours,Rel. Humidity [%]
193,Zone 2,60.9799171448,Non-working Hours,Rel. Humidity [%]
194,Zone 2,60.2305160522,Non-working Hours,Rel. Humidity [%]
195,Zone 2,60.1339505513,Non-working Hours,Rel. Humidity [%]
196,Zone 2,59.4421844482,Non-working Hours,Rel. Humidity [%]
197,Zone 2,60.0283215841,Non-working Hours,Rel. Humidity [%]
198,Zone 2,59.362789917,Non-working Hours,Rel. Humidity [%]
199,Zone 2,60.0547843933,Non-working Hours,Rel. Humidity [%]
200,Zone 2,60.8849143982,Non-working Hours,Rel. Humidity [%]
201,Zone 2,60.9480506897,Non-working Hours,Rel. Humidity [%]
202,Zone 2,61.4292297363,Non-working Hours,Rel. Humidity [%]
203,Zone 2,61.361567688,Non-working Hours,Rel. Humidity [%]
204,Zone 2,60.8226515452,Non-working Hours,Rel. Humidity [%]
205,Zone 2,60.8649772644,Non-working Hours,Rel. Humidity [%]
206,Zone 2,60.5068295797,Non-working Hours,Rel. Humidity [%]
207,Zone 2,60.9399534861,Non-working Hours,Rel. Humidity [%]
208,Zone 2,61.4158493042,Non-working Hours,Rel. Humidity [%]
209,Zone 2,60.9987239838,Non-working Hours,Rel. Humidity [%]
210,Zone 2,61.2471031189,Non-working Hours,Rel. Humidity [%]
211,Zone 2,61.146307809,Non-working Hours,Rel. Humidity [%]
212,Zone 2,62.3382434845,Non-working Hours,Rel. Humidity [%]
213,Zone 2,62.1231330872,Non-working Hours,Rel. Humidity [%]
214,Zone 2,62.7371055603,Non-working Hours,Rel. Humidity [%]
215,Zone 2,62.4095541636,Non-working Hours,Rel. Humidity [%]
216,Zone 2,62.9235229492,Non-working Hours,Rel. Humidity [%]
217,Zone 2,63.179871877,Non-working Hours,Rel. Humidity [%]
218,Zone 2,62.9915148417,Non-working Hours,Rel. Humidity [%]
219,Zone 2,62.4673057556,Non-working Hours,Rel. Humidity [%]
220,Zone 2,62.8324114482,Non-working Hours,Rel. Humidity [%]
221,Zone 2,63.6175331116,Non-working Hours,Rel. Humidity [%]
222,Zone 2,63.6709060669,Non-working Hours,Rel. Humidity [%]
223,Zone 2,64.0508645376,Non-working Hours,Rel. Humidity [%]
224,Zone 2,63.2932998657,Non-working Hours,Rel. Humidity [%]
225,Zone 2,63.4789676666,Non-working Hours,Rel. Humidity [%]
226,Zone 2,63.799369812,Non-working Hours,Rel. Humidity [%]
227,Zone 2,64.7343381246,Non-working Hours,Rel. Humidity [%]
228,Zone 2,63.565357844,Non-working Hours,Rel. Humidity [%]
229,Zone 2,63.1596054077,Non-working Hours,Rel. Humidity [%]
230,Zone 2,63.7640946706,Non-working Hours,Rel. Humidity [%]
231,Zone 2,60.5965913137,Non-working Hours,Rel. Humidity [%]
232,Zone 2,64.1225631714,Non-working Hours,Rel. Humidity [%]
233,Zone 2,63.9306761424,Non-working Hours,Rel. Humidity [%]
234,Zone 2,64.7040969849,Non-working Hours,Rel. Humidity [%]
235,Zone 2,64.7417882284,Non-working Hours,Rel. Humidity [%]
236,Zone 2,64.5966537476,Non-working Hours,Rel. Humidity [%]
237,Zone 2,65.1355163574,Non-working Hours,Rel. Humidity [%]
238,Zone 2,65.362739563,Non-working Hours,Rel. Humidity [%]
239,Zone 2,65.4090690613,Non-working Hours,Rel. Humidity [%]
240,Zone 2,65.4283218384,Non-working Hours,Rel. Humidity [%]
241,Zone 2,65.4119974772,Non-working Hours,Rel. Humidity [%]
242,Zone 2,65.2994369507,Non-working Hours,Rel. Humidity [%]
243,Zone 2,65.9956003825,Non-working Hours,Rel. Humidity [%]
244,Zone 2,66.4761746725,Non-working Hours,Rel. Humidity [%]
245,Zone 2,66.5956481934,Non-working Hours,Rel. Humidity [%]
246,Zone 2,66.395275116,Non-working Hours,Rel. Humidity [%]
247,Zone 2,65.8326919556,Non-working Hours,Rel. Humidity [%]
248,Zone 2,66.3335202535,Non-working Hours,Rel. Humidity [%]
249,Zone 2,65.9729944865,Non-working Hours,Rel. Humidity [%]
250,Zone 2,64.5327934265,Non-working Hours,Rel. Humidity [%]
251,Zone 2,64.0755971273,Non-working Hours,Rel. Humidity [%]
252,Zone 2,65.2534217834,Non-working Hours,Rel. Humidity [%]
253,Zone 2,65.9098800659,Non-working Hours,Rel. Humidity [%]
254,Zone 2,65.7001113892,Non-working Hours,Rel. Humidity [%]
255,Zone 2,64.6796630859,Non-working Hours,Rel. Humidity [%]
256,Zone 2,65.3842302958,Non-working Hours,Rel. Humidity [%]
257,Zone 2,66.2556546529,Non-working Hours,Rel. Humidity [%]
258,Zone 2,66.2668624878,Non-working Hours,Rel. Humidity [%]
259,Zone 2,66.4656626383,Non-working Hours,Rel. Humidity [%]
260,Zone 2,66.6131866455,Non-working Hours,Rel. Humidity [%]
261,Zone 2,66.316329956,Non-working Hours,Rel. Humidity [%]
262,Zone 2,66.5987243652,Non-working Hours,Rel. Humidity [%]
263,Zone 2,66.5890884399,Non-working Hours,Rel. Humidity [%]
264,Zone 2,66.8707796733,Non-working Hours,Rel. Humidity [%]
265,Zone 2,66.7510706584,Non-working Hours,Rel. Humidity [%]
266,Zone 2,66.8146896362,Non-working Hours,Rel. Humidity [%]
267,Zone 2,66.7714373271,Non-working Hours,Rel. Humidity [%]
268,Zone 2,66.8453079224,Non-working Hours,Rel. Humidity [%]
269,Zone 2,66.8675880432,Non-working Hours,Rel. Humidity [%]
270,Zone 2,66.9971427917,Non-working Hours,Rel. Humidity [%]
271,Zone 2,66.900894165,Non-working Hours,Rel. Humidity [%]
272,Zone 2,66.9470748901,Non-working Hours,Rel. Humidity [%]
273,Zone 2,67.131304423,Non-working Hours,Rel. Humidity [%]
274,Zone 2,67.2324630737,Non-working Hours,Rel. Humidity [%]
275,Zone 2,67.3243624369,Non-working Hours,Rel. Humidity [%]
276,Zone 2,67.5147234599,Non-working Hours,Rel. Humidity [%]
277,Zone 2,67.5211013794,Non-working Hours,Rel. Humidity [%]
278,Zone 2,67.3221588135,Non-working Hours,Rel. Humidity [%]
279,Zone 2,66.9385314942,Non-working Hours,Rel. Humidity [%]
280,Zone 2,67.3747316996,Non-working Hours,Rel. Humidity [%]
281,Zone 2,67.6688359578,Non-working Hours,Rel. Humidity [%]
282,Zone 2,67.3613113403,Non-working Hours,Rel. Humidity [%]
283,Zone 2,67.6195424397,Non-working Hours,Rel. Humidity [%]
284,Zone 2,67.4142684936,Non-working Hours,Rel. Humidity [%]
285,Zone 2,67.475352478,Non-working Hours,Rel. Humidity [%]
286,Zone 2,67.4794921875,Non-working Hours,Rel. Humidity [%]
287,Zone 2,63.6871465047,Non-working Hours,Rel. Humidity [%]
288,Zone 2,63.0982383728,Non-working Hours,Rel. Humidity [%]
289,Zone 2,63.7409225464,Non-working Hours,Rel. Humidity [%]
290,Zone 2,64.3751398722,Non-working Hours,Rel. Humidity [%]
291,Zone 2,64.6489227295,Non-working Hours,Rel. Humidity [%]
292,Zone 2,64.49480896,Non-working Hours,Rel. Humidity [%]
293,Zone 2,64.8417022705,Non-working Hours,Rel. Humidity [%]
294,Zone 2,64.8708788554,Non-working Hours,Rel. Humidity [%]
295,Zone 2,64.9073104858,Non-working Hours,Rel. Humidity [%]
296,Zone 2,65.2423965454,Non-working Hours,Rel. Humidity [%]
297,Zone 2,65.2762039184,Non-working Hours,Rel. Humidity [%]
298,Zone 2,65.5916519165,Non-working Hours,Rel. Humidity [%]
299,Zone 2,65.8678695679,Non-working Hours,Rel. Humidity [%]
300,Zone 3,60.9879760742,Non-working Hours,Rel. Humidity [%]
301,Zone 3,62.2561798096,Non-working Hours,Rel. Humidity [%]
302,Zone 3,57.8000724792,Non-working Hours,Rel. Humidity [%]
303,Zone 3,58.6813201904,Non-working Hours,Rel. Humidity [%]
304,Zone 3,59.3406532288,Non-working Hours,Rel. Humidity [%]
305,Zone 3,58.0650009156,Non-working Hours,Rel. Humidity [%]
306,Zone 3,60.6170188904,Non-working Hours,Rel. Humidity [%]
307,Zone 3,65.3122573852,Non-working Hours,Rel. Humidity [%]
308,Zone 3,59.5890426636,Non-working Hours,Rel. Humidity [%]
309,Zone 3,54.5028640747,Non-working Hours,Rel. Humidity [%]
310,Zone 3,59.1317077637,Non-working Hours,Rel. Humidity [%]
311,Zone 3,63.9490951538,Non-working Hours,Rel. Humidity [%]
312,Zone 3,65.3908508301,Non-working Hours,Rel. Humidity [%]
313,Zone 3,59.459500885,Non-working Hours,Rel. Humidity [%]
314,Zone 3,56.2102844238,Non-working Hours,Rel. Humidity [%]
315,Zone 3,64.1273254394,Non-working Hours,Rel. Humidity [%]
316,Zone 3,66.3581497192,Non-working Hours,Rel. Humidity [%]
317,Zone 3,65.2067642212,Non-working Hours,Rel. Humidity [%]
318,Zone 3,61.0430831909,Non-working Hours,Rel. Humidity [%]
319,Zone 3,65.9351062775,Non-working Hours,Rel. Humidity [%]
320,Zone 3,65.7762838999,Non-working Hours,Rel. Humidity [%]
321,Zone 3,66.1299915313,Non-working Hours,Rel. Humidity [%]
322,Zone 3,67.47915802,Non-working Hours,Rel. Humidity [%]
323,Zone 3,66.8711807251,Non-working Hours,Rel. Humidity [%]
324,Zone 3,67.1087692261,Non-working Hours,Rel. Humidity [%]
325,Zone 3,67.2686248779,Non-working Hours,Rel. Humidity [%]
326,Zone 3,66.6774047851,Non-working Hours,Rel. Humidity [%]
327,Zone 3,67.4698699951,Non-working Hours,Rel. Humidity [%]
328,Zone 3,67.8488082886,Non-working Hours,Rel. Humidity [%]
329,Zone 3,67.6057540894,Non-working Hours,Rel. Humidity [%]
330,Zone 3,62.6556488037,Non-working Hours,Rel. Humidity [%]
331,Zone 3,67.5909469604,Non-working Hours,Rel. Humidity [%]
332,Zone 3,68.2035980225,Non-working Hours,Rel. Humidity [%]
333,Zone 3,66.737008667,Non-working Hours,Rel. Humidity [%]
334,Zone 3,68.8881698608,Non-working Hours,Rel. Humidity [%]
335,Zone 3,66.0174194336,Non-working Hours,Rel. Humidity [%]
336,Zone 3,69.1541610718,Non-working Hours,Rel. Humidity [%]
337,Zone 3,62.7660725912,Non-working Hours,Rel. Humidity [%]
338,Zone 3,61.7560264587,Non-working Hours,Rel. Humidity [%]
339,Zone 3,62.9950675964,Non-working Hours,Rel. Humidity [%]
340,Zone 3,62.3145210266,Non-working Hours,Rel. Humidity [%]
341,Zone 3,63.1445838928,Non-working Hours,Rel. Humidity [%]
342,Zone 3,63.6107769012,Non-working Hours,Rel. Humidity [%]
343,Zone 3,64.1674491883,Non-working Hours,Rel. Humidity [%]
344,Zone 3,65.4086023966,Non-working Hours,Rel. Humidity [%]
345,Zone 3,65.2688873291,Non-working Hours,Rel. Humidity [%]
346,Zone 3,65.2048431397,Non-working Hours,Rel. Humidity [%]
347,Zone 3,66.2333908081,Non-working Hours,Rel. Humidity [%]
348,Zone 3,65.9768844604,Non-working Hours,Rel. Humidity [%]
349,Zone 3,67.6947148641,Non-working Hours,Rel. Humidity [%]
350,Zone 3,70.7022412618,Non-working Hours,Rel. Humidity [%]
351,Zone 3,71.8399124146,Non-working Hours,Rel. Humidity [%]
352,Zone 3,72.4811147054,Non-working Hours,Rel. Humidity [%]
353,Zone 3,72.0433059693,Non-working Hours,Rel. Humidity [%]
354,Zone 3,72.4983863831,Non-working Hours,Rel. Humidity [%]
355,Zone 3,73.1821161906,Non-working Hours,Rel. Humidity [%]
356,Zone 3,73.0055541992,Non-working Hours,Rel. Humidity [%]
357,Zone 3,73.4570439657,Non-working Hours,Rel. Humidity [%]
358,Zone 3,74.3566157023,Non-working Hours,Rel. Humidity [%]
359,Zone 3,74.6575088501,Non-working Hours,Rel. Humidity [%]
360,Zone 3,75.3317387899,Non-working Hours,Rel. Humidity [%]
361,Zone 3,74.9477233887,Non-working Hours,Rel. Humidity [%]
362,Zone 3,74.7969093323,Non-working Hours,Rel. Humidity [%]
363,Zone 3,75.9135564168,Non-working Hours,Rel. Humidity [%]
364,Zone 3,75.0107402802,Non-working Hours,Rel. Humidity [%]
365,Zone 3,74.5083936055,Non-working Hours,Rel. Humidity [%]
366,Zone 3,74.2017580668,Non-working Hours,Rel. Humidity [%]
367,Zone 3,74.9039077759,Non-working Hours,Rel. Humidity [%]
368,Zone 3,74.9376500448,Non-working Hours,Rel. Humidity [%]
369,Zone 3,74.8902786255,Non-working Hours,Rel. Humidity [%]
370,Zone 3,75.1327273051,Non-working Hours,Rel. Humidity [%]
371,Zone 3,75.2684491475,Non-working Hours,Rel. Humidity [%]
372,Zone 3,75.4478286743,Non-working Hours,Rel. Humidity [%]
373,Zone 3,75.5497665405,Non-working Hours,Rel. Humidity [%]
374,Zone 3,75.4208618164,Non-working Hours,Rel. Humidity [%]
375,Zone 3,75.0575612386,Non-working Hours,Rel. Humidity [%]
376,Zone 3,75.2659695943,Non-working Hours,Rel. Humidity [%]
377,Zone 3,76.3518753052,Non-working Hours,Rel. Humidity [%]
378,Zone 3,75.5787150065,Non-working Hours,Rel. Humidity [%]
379,Zone 3,74.6958376566,Non-working Hours,Rel. Humidity [%]
380,Zone 3,74.791053772,Non-working Hours,Rel. Humidity [%]
381,Zone 3,76.4245529175,Non-working Hours,Rel. Humidity [%]
382,Zone 3,75.363621521,Non-working Hours,Rel. Humidity [%]
383,Zone 3,75.2541758219,Non-working Hours,Rel. Humidity [%]
384,Zone 3,75.5979779561,Non-working Hours,Rel. Humidity [%]
385,Zone 3,73.7793457031,Non-working Hours,Rel. Humidity [%]
386,Zone 3,74.9480603536,Non-working Hours,Rel. Humidity [%]
387,Zone 3,63.1711463928,Non-working Hours,Rel. Humidity [%]
388,Zone 3,63.6104787191,Non-working Hours,Rel. Humidity [%]
389,Zone 3,64.1197198232,Non-working Hours,Rel. Humidity [%]
390,Zone 3,64.300630188,Non-working Hours,Rel. Humidity [%]
391,Zone 3,64.652624766,Non-working Hours,Rel. Humidity [%]
392,Zone 3,65.3210983276,Non-working Hours,Rel. Humidity [%]
393,Zone 3,66.6524978638,Non-working Hours,Rel. Humidity [%]
394,Zone 3,66.3215688069,Non-working Hours,Rel. Humidity [%]
395,Zone 3,66.8114980062,Non-working Hours,Rel. Humidity [%]
396,Zone 3,68.2608093262,Non-working Hours,Rel. Humidity [%]
397,Zone 3,68.6137084961,Non-working Hours,Rel. Humidity [%]
398,Zone 3,69.051210022,Non-working Hours,Rel. Humidity [%]
399,Zone 3,69.1785685221,Non-working Hours,Rel. Humidity [%]
400,Zone 3,70.845422109,Non-working Hours,Rel. Humidity [%]
401,Zone 3,71.8329864502,Non-working Hours,Rel. Humidity [%]
402,Zone 3,71.7618395487,Non-working Hours,Rel. Humidity [%]
403,Zone 3,73.3244476318,Non-working Hours,Rel. Humidity [%]
404,Zone 3,73.7812026977,Non-working Hours,Rel. Humidity [%]
405,Zone 3,74.476763916,Non-working Hours,Rel. Humidity [%]
406,Zone 3,74.8519668579,Non-working Hours,Rel. Humidity [%]
407,Zone 3,73.3621266683,Non-working Hours,Rel. Humidity [%]
408,Zone 3,73.7291732788,Non-working Hours,Rel. Humidity [%]
409,Zone 3,74.8226763407,Non-working Hours,Rel. Humidity [%]
410,Zone 3,74.9889119466,Non-working Hours,Rel. Humidity [%]
411,Zone 3,75.1093811035,Non-working Hours,Rel. Humidity [%]
412,Zone 3,76.2807108561,Non-working Hours,Rel. Humidity [%]
413,Zone 3,76.4242197673,Non-working Hours,Rel. Humidity [%]
414,Zone 3,76.3129455567,Non-working Hours,Rel. Humidity [%]
415,Zone 3,75.5848655701,Non-working Hours,Rel. Humidity [%]
416,Zone 3,76.5107894898,Non-working Hours,Rel. Humidity [%]
417,Zone 3,77.3502019246,Non-working Hours,Rel. Humidity [%]
418,Zone 3,76.2235323588,Non-working Hours,Rel. Humidity [%]
419,Zone 3,74.312322998,Non-working Hours,Rel. Humidity [%]
420,Zone 3,76.675704956,Non-working Hours,Rel. Humidity [%]
421,Zone 3,77.0319709778,Non-working Hours,Rel. Humidity [%]
422,Zone 3,76.7320953369,Non-working Hours,Rel. Humidity [%]
423,Zone 3,77.1887435913,Non-working Hours,Rel. Humidity [%]
424,Zone 3,76.3181063334,Non-working Hours,Rel. Humidity [%]
425,Zone 3,77.618989563,Non-working Hours,Rel. Humidity [%]
426,Zone 3,75.8436813355,Non-working Hours,Rel. Humidity [%]
427,Zone 3,75.4007751465,Non-working Hours,Rel. Humidity [%]
428,Zone 3,77.5600573222,Non-working Hours,Rel. Humidity [%]
429,Zone 3,75.1321093241,Non-working Hours,Rel. Humidity [%]
430,Zone 3,77.9069030762,Non-working Hours,Rel. Humidity [%]
431,Zone 3,75.1070340475,Non-working Hours,Rel. Humidity [%]
432,Zone 3,77.5151824951,Non-working Hours,Rel. Humidity [%]
433,Zone 3,75.8187149048,Non-working Hours,Rel. Humidity [%]
434,Zone 3,76.2272084554,Non-working Hours,Rel. Humidity [%]
435,Zone 3,76.1338592529,Non-working Hours,Rel. Humidity [%]
436,Zone 3,77.0988235474,Non-working Hours,Rel. Humidity [%]
437,Zone 3,53.3356117249,Non-working Hours,Rel. Humidity [%]
438,Zone 3,55.2004043579,Non-working Hours,Rel. Humidity [%]
439,Zone 3,56.8535785675,Non-working Hours,Rel. Humidity [%]
440,Zone 3,55.0891487121,Non-working Hours,Rel. Humidity [%]
441,Zone 3,54.9204391479,Non-working Hours,Rel. Humidity [%]
442,Zone 3,55.4067408244,Non-working Hours,Rel. Humidity [%]
443,Zone 3,55.5380004883,Non-working Hours,Rel. Humidity [%]
444,Zone 3,54.8426795959,Non-working Hours,Rel. Humidity [%]
445,Zone 3,58.1766616821,Non-working Hours,Rel. Humidity [%]
446,Zone 3,54.8253997803,Non-working Hours,Rel. Humidity [%]
447,Zone 3,58.4699179331,Non-working Hours,Rel. Humidity [%]
448,Zone 3,55.0927879333,Non-working Hours,Rel. Humidity [%]
449,Zone 3,59.5880378723,Non-working Hours,Rel. Humidity [%]
450,Zone 4,61.5261070251,Non-working Hours,Rel. Humidity [%]
451,Zone 4,59.8173179626,Non-working Hours,Rel. Humidity [%]
452,Zone 4,59.1832862854,Non-working Hours,Rel. Humidity [%]
453,Zone 4,60.6757293701,Non-working Hours,Rel. Humidity [%]
454,Zone 4,59.9327077866,Non-working Hours,Rel. Humidity [%]
455,Zone 4,59.791519928,Non-working Hours,Rel. Humidity [%]
456,Zone 4,59.4421531677,Non-working Hours,Rel. Humidity [%]
457,Zone 4,60.4961532593,Non-working Hours,Rel. Humidity [%]
458,Zone 4,60.4838783264,Non-working Hours,Rel. Humidity [%]
459,Zone 4,60.3443908691,Non-working Hours,Rel. Humidity [%]
460,Zone 4,60.9768218994,Non-working Hours,Rel. Humidity [%]
461,Zone 4,59.9203918457,Non-working Hours,Rel. Humidity [%]
462,Zone 4,61.3334724426,Non-working Hours,Rel. Humidity [%]
463,Zone 4,61.1514846802,Non-working Hours,Rel. Humidity [%]
464,Zone 4,61.4084159851,Non-working Hours,Rel. Humidity [%]
465,Zone 4,60.6971420288,Non-working Hours,Rel. Humidity [%]
466,Zone 4,60.8127563476,Non-working Hours,Rel. Humidity [%]
467,Zone 4,63.0037857056,Non-working Hours,Rel. Humidity [%]
468,Zone 4,62.9430618286,Non-working Hours,Rel. Humidity [%]
469,Zone 4,60.6751655579,Non-working Hours,Rel. Humidity [%]
470,Zone 4,62.4189285278,Non-working Hours,Rel. Humidity [%]
471,Zone 4,62.1429321289,Non-working Hours,Rel. Humidity [%]
472,Zone 4,64.2215309143,Non-working Hours,Rel. Humidity [%]
473,Zone 4,62.0234779358,Non-working Hours,Rel. Humidity [%]
474,Zone 4,61.726701355,Non-working Hours,Rel. Humidity [%]
475,Zone 4,60.7653755188,Non-working Hours,Rel. Humidity [%]
476,Zone 4,62.112200737,Non-working Hours,Rel. Humidity [%]
477,Zone 4,63.0069293976,Non-working Hours,Rel. Humidity [%]
478,Zone 4,61.0936653137,Non-working Hours,Rel. Humidity [%]
479,Zone 4,63.9100524902,Non-working Hours,Rel. Humidity [%]
480,Zone 4,62.0117502213,Non-working Hours,Rel. Humidity [%]
481,Zone 4,62.2296302795,Non-working Hours,Rel. Humidity [%]
482,Zone 4,61.5337587992,Non-working Hours,Rel. Humidity [%]
483,Zone 4,63.7257446289,Non-working Hours,Rel. Humidity [%]
484,Zone 4,63.8601408005,Non-working Hours,Rel. Humidity [%]
485,Zone 4,63.0203102112,Non-working Hours,Rel. Humidity [%]
486,Zone 4,63.9561988831,Non-working Hours,Rel. Humidity [%]
487,Zone 4,68.0841918945,Non-working Hours,Rel. Humidity [%]
488,Zone 4,67.7903594971,Non-working Hours,Rel. Humidity [%]
489,Zone 4,69.5968488057,Non-working Hours,Rel. Humidity [%]
490,Zone 4,70.2389694214,Non-working Hours,Rel. Humidity [%]
491,Zone 4,68.9313316346,Non-working Hours,Rel. Humidity [%]
492,Zone 4,69.3314758301,Non-working Hours,Rel. Humidity [%]
493,Zone 4,69.117410024,Non-working Hours,Rel. Humidity [%]
494,Zone 4,69.8421173096,Non-working Hours,Rel. Humidity [%]
495,Zone 4,69.7146713257,Non-working Hours,Rel. Humidity [%]
496,Zone 4,70.4020640055,Non-working Hours,Rel. Humidity [%]
497,Zone 4,69.7167007446,Non-working Hours,Rel. Humidity [%]
498,Zone 4,70.6146532694,Non-working Hours,Rel. Humidity [%]
499,Zone 4,70.7069976807,Non-working Hours,Rel. Humidity [%]
500,Zone 4,73.6501220703,Non-working Hours,Rel. Humidity [%]
501,Zone 4,74.6208521525,Non-working Hours,Rel. Humidity [%]
502,Zone 4,74.6254089355,Non-working Hours,Rel. Humidity [%]
503,Zone 4,73.4151306152,Non-working Hours,Rel. Humidity [%]
504,Zone 4,73.150491333,Non-working Hours,Rel. Humidity [%]
505,Zone 4,74.270942688,Non-working Hours,Rel. Humidity [%]
506,Zone 4,74.9336191813,Non-working Hours,Rel. Humidity [%]
507,Zone 4,74.8985336304,Non-working Hours,Rel. Humidity [%]
508,Zone 4,75.1102015177,Non-working Hours,Rel. Humidity [%]
509,Zone 4,76.108354187,Non-working Hours,Rel. Humidity [%]
510,Zone 4,76.0341466268,Non-working Hours,Rel. Humidity [%]
511,Zone 4,76.5785573324,Non-working Hours,Rel. Humidity [%]
512,Zone 4,75.9391263326,Non-working Hours,Rel. Humidity [%]
513,Zone 4,76.3940594991,Non-working Hours,Rel. Humidity [%]
514,Zone 4,76.1339538574,Non-working Hours,Rel. Humidity [%]
515,Zone 4,75.8622833252,Non-working Hours,Rel. Humidity [%]
516,Zone 4,75.0015843709,Non-working Hours,Rel. Humidity [%]
517,Zone 4,75.2991701762,Non-working Hours,Rel. Humidity [%]
518,Zone 4,75.4048477173,Non-working Hours,Rel. Humidity [%]
519,Zone 4,75.3691240946,Non-working Hours,Rel. Humidity [%]
520,Zone 4,74.9873138428,Non-working Hours,Rel. Humidity [%]
521,Zone 4,75.2347933451,Non-working Hours,Rel. Humidity [%]
522,Zone 4,75.5513076782,Non-working Hours,Rel. Humidity [%]
523,Zone 4,75.4766265869,Non-working Hours,Rel. Humidity [%]
524,Zone 4,75.6114845276,Non-working Hours,Rel. Humidity [%]
525,Zone 4,75.7916900635,Non-working Hours,Rel. Humidity [%]
526,Zone 4,76.1035486857,Non-working Hours,Rel. Humidity [%]
527,Zone 4,75.5261014303,Non-working Hours,Rel. Humidity [%]
528,Zone 4,75.03334198,Non-working Hours,Rel. Humidity [%]
529,Zone 4,75.0007146199,Non-working Hours,Rel. Humidity [%]
530,Zone 4,75.0680236816,Non-working Hours,Rel. Humidity [%]
531,Zone 4,74.9931335449,Non-working Hours,Rel. Humidity [%]
532,Zone 4,74.9347050985,Non-working Hours,Rel. Humidity [%]
533,Zone 4,74.6788742066,Non-working Hours,Rel. Humidity [%]
534,Zone 4,74.7300415039,Non-working Hours,Rel. Humidity [%]
535,Zone 4,73.2532302856,Non-working Hours,Rel. Humidity [%]
536,Zone 4,72.2671381633,Non-working Hours,Rel. Humidity [%]
537,Zone 4,72.6174418132,Non-working Hours,Rel. Humidity [%]
538,Zone 4,72.6406188965,Non-working Hours,Rel. Humidity [%]
539,Zone 4,71.4778912862,Non-working Hours,Rel. Humidity [%]
540,Zone 4,73.227692922,Non-working Hours,Rel. Humidity [%]
541,Zone 4,71.9892700195,Non-working Hours,Rel. Humidity [%]
542,Zone 4,71.8667627971,Non-working Hours,Rel. Humidity [%]
543,Zone 4,70.9033762614,Non-working Hours,Rel. Humidity [%]
544,Zone 4,72.469203186,Non-working Hours,Rel. Humidity [%]
545,Zone 4,71.6267674764,Non-working Hours,Rel. Humidity [%]
546,Zone 4,73.053944397,Non-working Hours,Rel. Humidity [%]
547,Zone 4,73.4663302104,Non-working Hours,Rel. Humidity [%]
548,Zone 4,73.5295855204,Non-working Hours,Rel. Humidity [%]
549,Zone 4,73.9976821899,Non-working Hours,Rel. Humidity [%]
550,Zone 4,73.897992452,Non-working Hours,Rel. Humidity [%]
551,Zone 4,73.3019854228,Non-working Hours,Rel. Humidity [%]
552,Zone 4,75.5121353149,Non-working Hours,Rel. Humidity [%]
553,Zone 4,76.5176467895,Non-working Hours,Rel. Humidity [%]
554,Zone 4,75.707661438,Non-working Hours,Rel. Humidity [%]
555,Zone 4,75.8369013468,Non-working Hours,Rel. Humidity [%]
556,Zone 4,74.6006584167,Non-working Hours,Rel. Humidity [%]
557,Zone 4,75.0567016601,Non-working Hours,Rel. Humidity [%]
558,Zone 4,76.3862915039,Non-working Hours,Rel. Humidity [%]
559,Zone 4,74.2964126587,Non-working Hours,Rel. Humidity [%]
560,Zone 4,74.6202926636,Non-working Hours,Rel. Humidity [%]
561,Zone 4,74.8608016968,Non-working Hours,Rel. Humidity [%]
562,Zone 4,77.2623794556,Non-working Hours,Rel. Humidity [%]
563,Zone 4,77.7446416219,Non-working Hours,Rel. Humidity [%]
564,Zone 4,76.4666201273,Non-working Hours,Rel. Humidity [%]
565,Zone 4,76.3566223145,Non-working Hours,Rel. Humidity [%]
566,Zone 4,77.4220492045,Non-working Hours,Rel. Humidity [%]
567,Zone 4,78.0859802246,Non-working Hours,Rel. Humidity [%]
568,Zone 4,76.5021896362,Non-working Hours,Rel. Humidity [%]
569,Zone 4,76.1428438823,Non-working Hours,Rel. Humidity [%]
570,Zone 4,77.6109359741,Non-working Hours,Rel. Humidity [%]
571,Zone 4,77.5475565592,Non-working Hours,Rel. Humidity [%]
572,Zone 4,77.4525680542,Non-working Hours,Rel. Humidity [%]
573,Zone 4,77.2663085938,Non-working Hours,Rel. Humidity [%]
574,Zone 4,77.1424484253,Non-working Hours,Rel. Humidity [%]
575,Zone 4,76.9842407226,Non-working Hours,Rel. Humidity [%]
576,Zone 4,76.3472010294,Non-working Hours,Rel. Humidity [%]
577,Zone 4,76.6756490072,Non-working Hours,Rel. Humidity [%]
578,Zone 4,76.226550293,Non-working Hours,Rel. Humidity [%]
579,Zone 4,75.7090034485,Non-working Hours,Rel. Humidity [%]
580,Zone 4,76.4073499044,Non-working Hours,Rel. Humidity [%]
581,Zone 4,75.5528793335,Non-working Hours,Rel. Humidity [%]
582,Zone 4,75.5857760112,Non-working Hours,Rel. Humidity [%]
583,Zone 4,74.2605539958,Non-working Hours,Rel. Humidity [%]
584,Zone 4,75.4642150879,Non-working Hours,Rel. Humidity [%]
585,Zone 4,74.6892318726,Non-working Hours,Rel. Humidity [%]
586,Zone 4,76.0134994507,Non-working Hours,Rel. Humidity [%]
587,Zone 4,56.4163604736,Non-working Hours,Rel. Humidity [%]
588,Zone 4,58.2758127848,Non-working Hours,Rel. Humidity [%]
589,Zone 4,57.3368362427,Non-working Hours,Rel. Humidity [%]
590,Zone 4,57.6912017822,Non-working Hours,Rel. Humidity [%]
591,Zone 4,58.129292806,Non-working Hours,Rel. Humidity [%]
592,Zone 4,58.0030448914,Non-working Hours,Rel. Humidity [%]
593,Zone 4,58.8765510559,Non-working Hours,Rel. Humidity [%]
594,Zone 4,60.5860824585,Non-working Hours,Rel. Humidity [%]
595,Zone 4,58.4426066081,Non-working Hours,Rel. Humidity [%]
596,Zone 4,59.7359542847,Non-working Hours,Rel. Humidity [%]
597,Zone 4,58.7558158874,Non-working Hours,Rel. Humidity [%]
598,Zone 4,58.5141906738,Non-working Hours,Rel. Humidity [%]
599,Zone 4,59.1367294312,Non-working Hours,Rel. Humidity [%]
600,Zone 5,65.3600021363,Non-working Hours,Rel. Humidity [%]
601,Zone 5,65.4800003052,Non-working Hours,Rel. Humidity [%]
602,Zone 5,65.5199996948,Non-working Hours,Rel. Humidity [%]
603,Zone 5,65.5,Non-working Hours,Rel. Humidity [%]
604,Zone 5,65.4600006104,Non-working Hours,Rel. Humidity [%]
605,Zone 5,65.5599990845,Non-working Hours,Rel. Humidity [%]
606,Zone 5,65.6399993896,Non-working Hours,Rel. Humidity [%]
607,Zone 5,65.7599990845,Non-working Hours,Rel. Humidity [%]
608,Zone 5,65.9400009155,Non-working Hours,Rel. Humidity [%]
609,Zone 5,65.9200012207,Non-working Hours,Rel. Humidity [%]
610,Zone 5,66.0599990845,Non-working Hours,Rel. Humidity [%]
611,Zone 5,66.0799987793,Non-working Hours,Rel. Humidity [%]
612,Zone 5,66.2600006104,Non-working Hours,Rel. Humidity [%]
613,Zone 5,66.3000015259,Non-working Hours,Rel. Humidity [%]
614,Zone 5,66.3600021363,Non-working Hours,Rel. Humidity [%]
615,Zone 5,66.3750019074,Non-working Hours,Rel. Humidity [%]
616,Zone 5,66.3600021363,Non-working Hours,Rel. Humidity [%]
617,Zone 5,66.4800003052,Non-working Hours,Rel. Humidity [%]
618,Zone 5,66.5199996948,Non-working Hours,Rel. Humidity [%]
619,Zone 5,66.6199981689,Non-working Hours,Rel. Humidity [%]
620,Zone 5,66.5599990845,Non-working Hours,Rel. Humidity [%]
621,Zone 5,66.6799987793,Non-working Hours,Rel. Humidity [%]
622,Zone 5,66.8200012207,Non-working Hours,Rel. Humidity [%]
623,Zone 5,66.8200012207,Non-working Hours,Rel. Humidity [%]
624,Zone 5,66.8,Non-working Hours,Rel. Humidity [%]
625,Zone 5,66.7199981689,Non-working Hours,Rel. Humidity [%]
626,Zone 5,66.7600021363,Non-working Hours,Rel. Humidity [%]
627,Zone 5,66.8199996948,Non-working Hours,Rel. Humidity [%]
628,Zone 5,66.8800018311,Non-working Hours,Rel. Humidity [%]
629,Zone 5,66.8600006104,Non-working Hours,Rel. Humidity [%]
630,Zone 5,66.8800018311,Non-working Hours,Rel. Humidity [%]
631,Zone 5,67.0799987793,Non-working Hours,Rel. Humidity [%]
632,Zone 5,67.0,Non-working Hours,Rel. Humidity [%]
633,Zone 5,67.1199981689,Non-working Hours,Rel. Humidity [%]
634,Zone 5,67.1399978637,Non-working Hours,Rel. Humidity [%]
635,Zone 5,67.1599990845,Non-working Hours,Rel. Humidity [%]
636,Zone 5,67.3250007629,Non-working Hours,Rel. Humidity [%]
637,Zone 5,62.4799995422,Non-working Hours,Rel. Humidity [%]
638,Zone 5,62.8500003814,Non-working Hours,Rel. Humidity [%]
639,Zone 5,63.2199996948,Non-working Hours,Rel. Humidity [%]
640,Zone 5,63.5333321889,Non-working Hours,Rel. Humidity [%]
641,Zone 5,63.7800003052,Non-working Hours,Rel. Humidity [%]
642,Zone 5,63.933333079,Non-working Hours,Rel. Humidity [%]
643,Zone 5,64.3400009155,Non-working Hours,Rel. Humidity [%]
644,Zone 5,64.5599990845,Non-working Hours,Rel. Humidity [%]
645,Zone 5,64.6333312988,Non-working Hours,Rel. Humidity [%]
646,Zone 5,64.8400024414,Non-working Hours,Rel. Humidity [%]
647,Zone 5,65.0499992371,Non-working Hours,Rel. Humidity [%]
648,Zone 5,65.1199996948,Non-working Hours,Rel. Humidity [%]
649,Zone 5,65.5199996948,Non-working Hours,Rel. Humidity [%]
650,Zone 5,66.7000015259,Non-working Hours,Rel. Humidity [%]
651,Zone 5,66.9166679383,Non-working Hours,Rel. Humidity [%]
652,Zone 5,67.183333079,Non-working Hours,Rel. Humidity [%]
653,Zone 5,67.3,Non-working Hours,Rel. Humidity [%]
654,Zone 5,67.5499992371,Non-working Hours,Rel. Humidity [%]
655,Zone 5,67.7600006104,Non-working Hours,Rel. Humidity [%]
656,Zone 5,68.0499992371,Non-working Hours,Rel. Humidity [%]
657,Zone 5,68.1833343506,Non-working Hours,Rel. Humidity [%]
658,Zone 5,68.3800003052,Non-working Hours,Rel. Humidity [%]
659,Zone 5,68.5166664124,Non-working Hours,Rel. Humidity [%]
660,Zone 5,68.5999984741,Non-working Hours,Rel. Humidity [%]
661,Zone 5,68.8142863682,Non-working Hours,Rel. Humidity [%]
662,Zone 5,68.933333079,Non-working Hours,Rel. Humidity [%]
663,Zone 5,69.0,Non-working Hours,Rel. Humidity [%]
664,Zone 5,69.1399993896,Non-working Hours,Rel. Humidity [%]
665,Zone 5,69.1500002543,Non-working Hours,Rel. Humidity [%]
666,Zone 5,69.1600006104,Non-working Hours,Rel. Humidity [%]
667,Zone 5,69.0666681926,Non-working Hours,Rel. Humidity [%]
668,Zone 5,69.2333335876,Non-working Hours,Rel. Humidity [%]
669,Zone 5,69.1199996948,Non-working Hours,Rel. Humidity [%]
670,Zone 5,69.3166681926,Non-working Hours,Rel. Humidity [%]
671,Zone 5,69.4200012207,Non-working Hours,Rel. Humidity [%]
672,Zone 5,69.4833335876,Non-working Hours,Rel. Humidity [%]
673,Zone 5,69.4166679383,Non-working Hours,Rel. Humidity [%]
674,Zone 5,69.4800018311,Non-working Hours,Rel. Humidity [%]
675,Zone 5,69.4500007629,Non-working Hours,Rel. Humidity [%]
676,Zone 5,69.4000015259,Non-working Hours,Rel. Humidity [%]
677,Zone 5,69.383333842,Non-working Hours,Rel. Humidity [%]
678,Zone 5,69.3666674296,Non-working Hours,Rel. Humidity [%]
679,Zone 5,69.4000015259,Non-working Hours,Rel. Humidity [%]
680,Zone 5,69.5166664124,Non-working Hours,Rel. Humidity [%]
681,Zone 5,69.3800003052,Non-working Hours,Rel. Humidity [%]
682,Zone 5,69.4000015259,Non-working Hours,Rel. Humidity [%]
683,Zone 5,69.5333328247,Non-working Hours,Rel. Humidity [%]
684,Zone 5,69.5199996948,Non-working Hours,Rel. Humidity [%]
685,Zone 5,69.4666671753,Non-working Hours,Rel. Humidity [%]
686,Zone 5,69.4200012207,Non-working Hours,Rel. Humidity [%]
687,Zone 5,64.0666662852,Non-working Hours,Rel. Humidity [%]
688,Zone 5,64.5166664124,Non-working Hours,Rel. Humidity [%]
689,Zone 5,64.9,Non-working Hours,Rel. Humidity [%]
690,Zone 5,65.0833320617,Non-working Hours,Rel. Humidity [%]
691,Zone 5,65.6833343506,Non-working Hours,Rel. Humidity [%]
692,Zone 5,65.9800003052,Non-working Hours,Rel. Humidity [%]
693,Zone 5,66.2333335876,Non-working Hours,Rel. Humidity [%]
694,Zone 5,66.6166648865,Non-working Hours,Rel. Humidity [%]
695,Zone 5,66.8800003052,Non-working Hours,Rel. Humidity [%]
696,Zone 5,67.0166664124,Non-working Hours,Rel. Humidity [%]
697,Zone 5,67.4400009155,Non-working Hours,Rel. Humidity [%]
698,Zone 5,67.8000030518,Non-working Hours,Rel. Humidity [%]
699,Zone 5,67.9833335876,Non-working Hours,Rel. Humidity [%]
700,Zone 5,69.0599990845,Non-working Hours,Rel. Humidity [%]
701,Zone 5,69.1333312988,Non-working Hours,Rel. Humidity [%]
702,Zone 5,69.2833328247,Non-working Hours,Rel. Humidity [%]
703,Zone 5,69.3600006104,Non-working Hours,Rel. Humidity [%]
704,Zone 5,69.6833318074,Non-working Hours,Rel. Humidity [%]
705,Zone 5,69.6799987793,Non-working Hours,Rel. Humidity [%]
706,Zone 5,69.8500022888,Non-working Hours,Rel. Humidity [%]
707,Zone 5,69.9166666667,Non-working Hours,Rel. Humidity [%]
708,Zone 5,69.9199996948,Non-working Hours,Rel. Humidity [%]
709,Zone 5,70.1500002543,Non-working Hours,Rel. Humidity [%]
710,Zone 5,70.3600006104,Non-working Hours,Rel. Humidity [%]
711,Zone 5,70.366666158,Non-working Hours,Rel. Humidity [%]
712,Zone 5,70.316666921,Non-working Hours,Rel. Humidity [%]
713,Zone 5,70.4199996948,Non-working Hours,Rel. Humidity [%]
714,Zone 5,70.383333842,Non-working Hours,Rel. Humidity [%]
715,Zone 5,70.4000002543,Non-working Hours,Rel. Humidity [%]
716,Zone 5,70.7000015259,Non-working Hours,Rel. Humidity [%]
717,Zone 5,70.7333335876,Non-working Hours,Rel. Humidity [%]
718,Zone 5,70.9600006104,Non-working Hours,Rel. Humidity [%]
719,Zone 5,70.9166679383,Non-working Hours,Rel. Humidity [%]
720,Zone 5,70.9333343506,Non-working Hours,Rel. Humidity [%]
721,Zone 5,71.0999984741,Non-working Hours,Rel. Humidity [%]
722,Zone 5,71.3666674296,Non-working Hours,Rel. Humidity [%]
723,Zone 5,71.2833328247,Non-working Hours,Rel. Humidity [%]
724,Zone 5,71.2199996948,Non-working Hours,Rel. Humidity [%]
725,Zone 5,71.4999987284,Non-working Hours,Rel. Humidity [%]
726,Zone 5,71.3400009155,Non-working Hours,Rel. Humidity [%]
727,Zone 5,71.4000015259,Non-working Hours,Rel. Humidity [%]
728,Zone 5,71.4333343506,Non-working Hours,Rel. Humidity [%]
729,Zone 5,71.3600006104,Non-working Hours,Rel. Humidity [%]
730,Zone 5,71.4000002543,Non-working Hours,Rel. Humidity [%]
731,Zone 5,71.3833351135,Non-working Hours,Rel. Humidity [%]
732,Zone 5,71.3600006104,Non-working Hours,Rel. Humidity [%]
733,Zone 5,71.4499994914,Non-working Hours,Rel. Humidity [%]
734,Zone 5,71.5399993896,Non-working Hours,Rel. Humidity [%]
735,Zone 5,71.5166664124,Non-working Hours,Rel. Humidity [%]
736,Zone 5,71.383333842,Non-working Hours,Rel. Humidity [%]
737,Zone 5,63.433333079,Non-working Hours,Rel. Humidity [%]
738,Zone 5,64.100000763,Non-working Hours,Rel. Humidity [%]
739,Zone 5,64.4400009155,Non-working Hours,Rel. Humidity [%]
740,Zone 5,64.75,Non-working Hours,Rel. Humidity [%]
741,Zone 5,65.0000015259,Non-working Hours,Rel. Humidity [%]
742,Zone 5,65.4599990845,Non-working Hours,Rel. Humidity [%]
743,Zone 5,65.9600006104,Non-working Hours,Rel. Humidity [%]
744,Zone 5,66.0666656494,Non-working Hours,Rel. Humidity [%]
745,Zone 5,66.2399993896,Non-working Hours,Rel. Humidity [%]
746,Zone 5,66.4600006104,Non-working Hours,Rel. Humidity [%]
747,Zone 5,66.5599990845,Non-working Hours,Rel. Humidity [%]
748,Zone 5,66.7166659037,Non-working Hours,Rel. Humidity [%]
749,Zone 5,66.9,Non-working Hours,Rel. Humidity [%]
